:020000040800F2
:100000001894072499030008AD6700088F6400085E
:10001000A96700086D0C0008398C0008000000007A
:10002000000000000000000000000000BD7A000891
:10003000710C000800000000B1670008BF7A0008DA
:10004000BF030008BF030008BF030008BF03000888
:10005000BF030008BF030008BF030008BF03000878
:10006000BF030008BF030008BF030008BF03000868
:10007000BF030008BF030008BF030008BF03000858
:10008000BF030008BF030008BF030008BF03000848
:10009000BF030008BF030008BF030008BF03000838
:1000A000BF030008BF030008BF030008BF03000828
:1000B000BF030008BF030008C57B0008BF0300089A
:1000C000BF030008BF030008BF030008BF03000808
:1000D000BF030008298C0008BF030008BF03000805
:1000E000BF030008BF03000800000000BF030008B2
:1000F000BF030008BF030008BF030008BF030008D8
:10010000BF030008BF030008BF030008BF030008C7
:10011000BF030008BF030008BF030008BF030008B7
:10012000BF030008BF030008BF030008BF030008A7
:10013000BF030008BF030008BF030008BF03000897
:1001400000000000000000000000000000000000AF
:10015000BF030008BF030008BF030008BF03000877
:10016000BF030008BF030008BF030008BF03000867
:10017000BF030008BF030008BF0300080000000021
:10018000BF030008BF030008BF030008BF03000847
:10019000BF030008BF030008BF030008BF03000837
:1001A000BF030008BF030008BF030008BF03000827
:1001B000BF030008BF030008BF030008BF03000817
:1001C000BF030008BF030008BF030008BF03000807
:1001D000BF030008BF030008BF030008BF030008F7
:1001E000BF030008BF030008BF030008BF030008E7
:1001F000BF030008BF030008BF030008BF030008D7
:10020000BF030008BF030008BF030008BF030008C6
:10021000BF030008BF030008BF030008BF030008B6
:10022000BF030008956400081D6700080000000077
:10023000BF030008BF03000800000000BF03000860
:10024000BF030008BF030008BF030008BF03000886
:10025000BF030008BF030008BF030008BF03000876
:10026000BF030008BF030008BF030008BF03000866
:10027000BF030008BF030008BF0300080000000020
:10028000BF030008BF030008BF0300080000000010
:1002900000000000BF03000800F002F800F06DF855
:1002A0000AA090E8000C82448344AAF10107DA45D1
:1002B00001D100F062F8AFF2090EBAE80F0013F0B6
:1002C000010F18BFFB1A43F00103184708B40100DF
:1002D00028B401000A444FF0000C10F8013B13F061
:1002E000070408BF10F8014B1D1108BF10F8015B8F
:1002F000641E05D010F8016B641E01F8016BF9D182
:1003000013F0080F1EBF10F8014BAD1C0C1B09D1D8
:100310006D1E58BF01F801CBFAD505E014F8016B4A
:1003200001F8016B6D1EF9D59142D6D370470000DC
:100330000023002400250026103A28BF78C1FBD8EE
:10034000520728BF30C148BF0B607047642900F0D6
:100350003181752900F02E81782900F067816329A9
:1003600000F02F84732900F03484002070471FB5FB
:1003700017F04BFB1FBD10B510BD00F045FC11463A
:10038000FFF7F5FF12F018FE00F063FC03B4FFF76F
:10039000F2FF03BC08F075FCDFF83000016841F49F
:1003A000700101600A4880470A480047FEE7FEE7FF
:1003B000FEE7FEE7FEE7FEE7FEE7FEE7FEE7FEE715
:1003C00005480649044A064B7047000088ED00E0E6
:1003D000C97A000899020008188C07241894072489
:1003E000188C0724704753EA020C00F069802DE94D
:1003F000F04B4FF00006002B1FBFB3FA83F503FA52
:1004000005F424FA05F65E4012BF1643B2FA82F5EF
:1004100002FA05F4C5F120051EBF22FA05FC44EAE4
:100420000C04203556EA044C4FEA144418BF641CEF
:100430004FF000084FF00009904271EB030C39D3E4
:10044000002919BFB1FA81F701FA07F6B0FA80F76F
:1004500000FA07F6C7F120071EBF20FA07FC46EA9C
:100460000C062037B6FBF4FCA7EB0507103F07F09E
:100470001F0BCBF120060CFA0BFB2CFA06F644BF3F
:10048000B3460026202FA4BF5E464FF0000B5BEA68
:10049000060C08BF4FF0010B19EB0B09ABFB027CFC
:1004A00048EB0608C01B06FB02CC0BFB03CC71EB30
:1004B0000C01C1E70B46024641464846BDE8F08BB9
:1004C00013B54FF000004FF00001AFF30080BDE81E
:1004D0001C4070470FB4044910B503AA029800F0FD
:1004E0007DFB10BC5DF814FB100000240FB41CB59C
:1004F000074B06AA7B4469460090059800F03FFB35
:100500000020694600F04EFB1CBC5DF814FB0000A7
:10051000AD06000070B5044685690068C10601D5C6
:10052000302600E02026C00707D070BDD4E90121A5
:1005300030469047206A401C20626D1EF6D570BD83
:1005400070B5044685690078C00707D170BDD4E94D
:10055000012120209047206A401C20626D1EF6D5A4
:1005600070BD70B50C460546012A05D02878800676
:1005700000D5EA69002302E0012305E05B1C9342F9
:1005800002D2E05C0028F9D1A869E618C01AA86177
:10059000286A184428622846FFF7BCFF04E0D5E922
:1005A000012114F8010B9047B442F8D32846FFF715
:1005B000C7FF70BD2DE9F04106460024106875297B
:1005C000314616A510D0AFF30080002802DA404271
:1005D00013A507E031688A0701D512A502E0490793
:1005E00004D511A5012401E0AFF3008000210A2207
:1005F00006F1240709E0B0FBF2FCB0FBF2F302FBCA
:100600001C00303078541846491C0028F3D123468A
:100610002A463046BDE8F04100F052BA0000000022
:100620002D0000002B0000002000000070B50446E3
:100630000D4621461068AFF300802188090502D5D8
:100640000F4A7A4402E00E4A7A440E32002104F145
:10065000240305E000F00F060009965D5E54491C76
:100660000028F7D120780023000704D5702D02D090
:1006700009B1022311322046BDE8704000F020BAD3
:1006800018AD01002DE9F05F894604464FF0000ADD
:10069000DFF874B1FB44C0F820A02046E168884729
:1006A000002874D0252806D0D4E901219047206A7B
:1006B000401C2062F1E700265F462046E16888473B
:1006C0002028054607DB312D05D2781910F8200CBB
:1006D00008B10643F1E7B00701D526F00406C4F8D7
:1006E0001CA00027C4F818A02A2D09D0284608F01D
:1006F000C1FA38B304EB8708303DC8F8185019E048
:1007000059F8041B204604EB87029161E168884791
:10071000012F054618D1E069002820DA26F02006CE
:100720001DE0D8F8180000EB800005EB40003038E1
:10073000C8F818002046E1688847054608F09AFA8C
:100740000028EED1012F0AD02E2D08D12046E168D5
:1007500088477F1C0546022F46F02006C4DBA069AF
:10076000002803DA404246F00106A061F00701D0FC
:1007700026F010066C2D0BD0682D09D04C2D39D0E9
:100780006A2D35D0742D35D07A2D33D016E038E06F
:10079000E1682F4620468847B842054609D16C2FAC
:1007A00026D04FF48060E16806432046884705461E
:1007B00004E06C2F1AD04FF4807006430DB3A5F1FE
:1007C0004100192802D8203546F400664A462946D9
:1007D000204626604E46FFF7B9FD80B101280BD0B8
:1007E000F61D26F0070000F1080956E74020E4E76F
:1007F0008020D8E70020D6E706F104094DE7284617
:1008000052E7206ABDE8F09FEEAC0100401ECAB27C
:1008100010F8011F8A4202D00029F9D10020704748
:1008200040EA010310B59B070FD1042A0DD310C86D
:1008300008C9121F9C42F8D020BA19BA884201D9BF
:10084000012010BD4FF0FF3010BD1AB1D30703D007
:10085000521C07E0002010BD10F8013B11F8014BBD
:100860001B1B07D110F8013B11F8014B1B1B01D1D9
:10087000921EF1D1184610BD40EA0103024630B580
:100880009B0710D14FF0013400E008C208C91D1BBE
:100890009D4315EAC41FF8D013F0FF0102F8011BB5
:1008A0000DD01B0AF8E711F8013B002B02F8013BC1
:1008B00005D011F8013B002B02F8013BF3D130BD0C
:1008C000032A40F2308010F0030C00F0158011F87C
:1008D000013BBCF1020F624498BF11F801CB00F854
:1008E000013B38BF11F8013BA2F1040298BF00F8A8
:1008F00001CB38BF00F8013B11F0030300F0258065
:10090000083AC0F0088051F8043B083A51F804CB8B
:10091000A0E80810F5E7121D5CBF51F8043B40F851
:10092000043BAFF30080D20724BF11F8013B11F85C
:1009300001CB48BF11F8012B24BF00F8013B00F8A0
:1009400001CB48BF00F8012B704710B5203AC0F02A
:100950000B80B1E81850203AA0E81850B1E81850C0
:10096000A0E81850BFF4F5AF5FEA027C24BFB1E8FD
:100970001850A0E8185044BF18C918C0BDE810406E
:100980005FEA827C24BF51F8043B40F8043B08BF77
:100990007047D20728BF31F8023B48BF11F8012B3E
:1009A00028BF20F8023B48BF00F8012B704702F037
:1009B000FF0343EA032242EA024200F002B84FF08A
:1009C00000020429C0F0128010F0030C00F01B801C
:1009D000CCF1040CBCF1020F18BF00F8012BA8BF2A
:1009E00020F8022BA1EB0C0100F00DB85FEAC17CEE
:1009F00024BF00F8012B00F8012B48BF00F8012BA1
:100A000070474FF0000200B51346944696462039D1
:100A100022BFA0E80C50A0E80C50B1F12001BFF4B7
:100A2000F7AF090728BFA0E80C5048BF0CC05DF81D
:100A300004EB890028BF40F8042B08BF704748BF6B
:100A400020F8022B11F0804F18BF00F8012B7047DF
:100A50004FF0013C50F8042B51F8043B9A4215D159
:100A6000A2EB0C03934313EACC130BD150F8042BE5
:100A700051F8043B9A4209D1A2EB0C03934313EAC9
:100A8000CC13E7D04FF00000704700BFD01A01BA76
:100A9000B1FA81F101F0180122FA01F0CB40C1F165
:100AA0002001DBB2C0B2C01A2CFA01F3D11A914373
:100AB00011EAC311E6D1704770477047704770471D
:100AC0002DE9F0470D4699469246044600F1240868
:100AD0000168880604D5E06921F01001216000E07A
:100AE0000120A84201DD471B00E00027A1697A1917
:100AF00002EB0900081AA0612078C00602D4204643
:100B0000FFF708FD002608E0D4E901211AF80600E5
:100B10009047206A401C761C20624E45F4DB20780A
:100B2000C0060AD52046FFF7F5FC06E0D4E901210E
:100B300030209047206A401C2062381EA7F1010730
:100B4000F4DC07E0D4E9012118F805009047206A99
:100B5000401C2062281EA5F10105F3DC2046FFF7AA
:100B6000EFFC2078000602D50220BDE8F0870120C6
:100B7000FBE7000001694A1C02610878704700B574
:100B80008FB0CDE901310021059105497944CDE9C6
:100B9000031011466846FFF775FD0FB000BD000059
:100BA000E5FFFFFF0A6802F8010B0A60704710B505
:100BB000436913B1AFF3008001E0FFF7D2FC0120DD
:100BC00010BD127800F124010A7000224A7001223F
:100BD000EDE711684FF0FF32E9E70000074B70B511
:100BE0000D467B44FFF7CBFF0446284600F008F88B
:100BF00010B14FF0FF3070BD204670BDF3AF000064
:100C0000007B00F080007047754600F02BF8AE4680
:100C100005006946534620F00700854618B020B508
:100C2000FFF7CEFBBDE820404FF000064FF0000775
:100C30004FF000084FF0000B21F00701AC46ACE884
:100C4000C009ACE8C009ACE8C009ACE8C0098D46F1
:100C5000704710B50446AFF300802046BDE8104051
:100C6000FFF794BB00487047B48B072400BFFEE732
:100C7000704710B50346D1E9000440EA04200C890E
:100C800040EA04400C7B40EA0460DC68D860002045
:100C900010BD10B50346D1E9000440EA04200C89D8
:100CA00040EA04400C7B40EA04609C6898600020A5
:100CB00010BD000010B50246486840F008008B687F
:100CC0001843CB6818430B6918434B6940EA43202B
:100CD0008B6940EA43301368024C2340184310608C
:100CE000002010BD8901F0FF70B50446B3F5804FB8
:100CF00013D1D1E9000540EA05108D6840EA0520CE
:100D00008D6928438D8940EA054054F82250064EEB
:100D10003540284344F8220003E06FF0704044F867
:100D20002200002070BD00000000F0CF70B5024628
:100D3000086852F8200020F001000E6842F82600F2
:100D40008868082801D1402500E00025486828432C
:100D50008E683043CE6830430E6930434E6930436D
:100D60008E693043CE6930430E6A30434E6A304359
:100D70008E6A3043CE6A40EA0603086B0343486B31
:100D80000343886B0343114C44F4801444F400146F
:100D900044F4E024086852F82000A04318430E6889
:100DA00042F82600086BB0F5801F07D1086828B10B
:100DB000106820F480100E6B30431060086818B182
:100DC00010684E6B30431060002070BD7FFB080040
:100DD00030B50346D1E9000540EA05108D6840EAC8
:100DE00005208D8940EA0545088A401E45EA0055E0
:100DF000087D801E45EA00608D692843551C53F824
:100E0000255005F040452843551C43F82500186837
:100E100000F48010B0F5801F0BD1586820F47004E6
:100E2000088A401E44EA0054586820F470002043A9
:100E30005860002030BD02460868B0B9D1E901030E
:100E40001843CB6818430B6918434B6918438B69E7
:100E50001843CB6918430B6A18434B6A184313684D
:100E60006FF30E031843106019E0D1E9070318432C
:100E70004B6A1843136823F4F84318431060D1E910
:100E800001031843CB6818430B6918434B69184397
:100E90008B69184353686FF30E03184350600020AA
:100EA00070470246506943F6FE73984340EA41009A
:100EB00050610020704710B50346D1E9000420437B
:100EC0008C68641E40EA4410CC6840EA44201C69E7
:100ED0006FF3150420431861002010BD30B50346A0
:100EE000FAB90868401E4C68641E40EA0414886819
:100EF000401E44EA0024C868401E44EA0034088AC0
:100F0000401E44EA0044888A401E44EA0054087E99
:100F1000401E44EA00609C6804F0704420439860DE
:100F200022E0C868401E0403888A401E44EA00503C
:100F30009C680E4D2C40204398600868401E4C6809
:100F4000641E40EA04148868401E44EA0024088AAB
:100F5000401E44EA0044087E401E44EA0060DC680B
:100F600004F070442043D860002030BDFF0F0FFF15
:100F70002DE9F041044600F057FD804614B90120E8
:100F8000BDE8F08194F83500022808D08020606523
:100F900000BF002084F8340000BF0120F0E7FE49C4
:100FA0002068884249D0FC4918312068884244D0E2
:100FB000F9493031206888423FD0F74948312068EC
:100FC00088423AD0F44960312068884235D0F249ED
:100FD00078312068884230D0EF49903120688842CB
:100FE0002BD0ED49A8312068884226D0EB492068F3
:100FF000884222D0E9491831206888421DD0E7494B
:1010000030312068884218D0E4494831206888424D
:1010100013D0E2496031206888420ED0DF49783130
:101020002068884209D0DD4990312068884204D088
:10103000DA49A8312068884201D1012000E000206F
:1010400068B12068006820F01E00216808602068F0
:10105000406920F0800021684861256806E020682A
:10106000006820F00E00216808602568CA492068E1
:10107000884270D0C8491831206888426BD0C64970
:1010800030312068884266D0C349483120688842A0
:1010900061D0C1496031206888425CD0BE49783156
:1010A0002068884257D0BC4990312068884252D08D
:1010B000B949A831206888424DD0B8492068884293
:1010C00049D0B64918312068884244D0B3493031FC
:1010D000206888423FD0B1494831206888423AD0E0
:1010E000AE4960312068884235D0AC4978312068FB
:1010F000884230D0A9499031206888422BD0A74936
:10110000A8312068884226D0A5492068884222D08C
:10111000A3491431206888421DD0A1492831206894
:10112000884218D09E493C312068884213D09C499F
:101130005031206888420ED0994964312068884235
:1011400009D0974978312068884204D094498C317D
:101150002068884201D1012000E0002028B1206EE3
:10116000006820F48070216E08608B4920688842F6
:1011700049D0894918312068884244D086493031A5
:10118000206888423FD084494831206888423AD05C
:10119000814960312068884235D07F4978312068A4
:1011A000884230D07C499031206888422BD07A49DF
:1011B000A8312068884226D078492068884222D009
:1011C00076491831206888421DD074493031206832
:1011D000884218D0714948312068884213D06F493D
:1011E0006031206888420ED06C497831206888428E
:1011F00009D06A4990312068884204D06749A831F3
:101200002068884206D12068006820F0010021682B
:10121000086005E02068006820F00100216808608F
:1012200011E000F001FCA0EB080005280BD92020FC
:101230006065032084F8350000BF002084F8340086
:1012400000BF01209CE6286800F001000028E8D1DA
:1012500051492068884249D04F4918312068884256
:1012600044D04D493031206888423FD04A49483106
:10127000206888423AD0484960312068884235D099
:10128000454978312068884230D043499031206800
:1012900088422BD04049A8312068884226D03F4957
:1012A0002068884222D03D491831206888421DD0EC
:1012B0003A4930312068884218D03849483120688E
:1012C000884213D035496031206888420ED03349B6
:1012D00078312068884209D03049903120688842AE
:1012E00004D02E49A8312068884201D1012000E0B5
:1012F000002040B1A66D94F85C0000F01F013F2073
:101300008840B06007E0A76D94F85C0000F01F0112
:1013100001208840786020492068884276D01E49A4
:1013200018312068884271D01B49303120688842CA
:101330006CD0194948312068884267D0164960311D
:101340002068884262D014497831206888425DD094
:10135000114990312068884258D00F49A83120683F
:10136000884253D00D49206888424FD00B4918312C
:10137000206888424AD0094930312068884245D0E7
:10138000064948312068884240D0044960312068CD
:1013900088423BD0014905E01000024010040240A1
:1013A000085402587831206888422FD02549206897
:1013B00088422BD0234918312068884226D0224900
:1013C0002068884222D020491431206888421DD0EC
:1013D0001D4928312068884218D01B493C312068BB
:1013E000884213D018495031206888420ED01649DF
:1013F00064312068884209D01349783120688842D6
:1014000004D011498C312068884201D1012000E0CC
:10141000002068B1D4E919104860E06E40B1E06E78
:10142000006820F48070E16E0860D4E91C10486008
:10143000012084F8350000BF002084F8340000BF8C
:1014400000BF9DE5A00402400854025870B5044650
:101450000CB9012070BD94F83500022803D080201B
:1014600060650120F6E7DC492068884249D0DA4906
:1014700018312068884244D0D749303120688842EA
:101480003FD0D5494831206888423AD0D2496031AE
:101490002068884235D0D04978312068884230D0E1
:1014A000CD499031206888422BD0CB49A8312068A3
:1014B000884226D0C9492068884222D0C7491831BD
:1014C000206888421DD0C54930312068884218D034
:1014D000C24948312068884213D0C0496031206831
:1014E00088420ED0BD4978312068884209D0BB4976
:1014F00090312068884204D0B849A83120688842D9
:1015000001D1012000E00020F0B3042084F8350070
:10151000B149206888424BD0AF49183120688842D1
:1015200046D0AD4930312068884241D0AA4948317F
:10153000206888423CD0A84960312068884237D072
:10154000A54978312068884232D0A349903120687B
:1015500088422DD0A049A8312068884228D09F49D0
:101560002068884224D09D491831206888421FD0C5
:101570009A493031206888421AD098494831206809
:10158000884215D0954900E020E06031206888420B
:101590000ED0924978312068884209D08F49903125
:1015A0002068884204D08D49A8312068884206D13D
:1015B0002068006820F001002168086009E12068C7
:1015C000006820F001002168086002E120680068DE
:1015D00020F00E00216808607F492068884249D0C9
:1015E0007D4918312068884244D07B4930312068D9
:1015F00088423FD078494831206888423AD07649BD
:1016000060312068884235D073497831206888423B
:1016100030D071499031206888422BD06E49A83172
:101620002068884226D06D492068884222D06B49C4
:101630001831206888421DD06849303120688842BE
:1016400018D0664948312068884213D06349603118
:10165000206888420ED0614978312068884209D0DC
:101660005E4990312068884204D05C49A8312068E6
:10167000884206D12068006820F0010021680860D7
:1016800005E02068006820F00100216808605249E8
:101690002068884270D050491831206888426BD049
:1016A0004D4930312068884266D04B494831206826
:1016B000884261D048496031206888425CD0464900
:1016C00078312068884257D0434990312068884259
:1016D00052D04149A831206888424DD03F49206806
:1016E000884249D03D4918312068884244D03B495E
:1016F0003031206888423FD03849483120688842DC
:101700003AD0364960312068884235D03349783143
:101710002068884230D031499031206888422BD0EF
:101720002E49A8312068884226D02D492068884259
:1017300022D02B491431206888421DD028492831F5
:101740002068884218D026493C312068884213D04E
:1017500023495031206888420ED0214964312068E5
:10176000884209D01E4978312068884204D01C493B
:101770008C312068884201D1012000E00020D8B1DE
:10178000206E006820F48070216E0860A56D94F8CA
:101790005C0000F01F01012088406860D4E9191046
:1017A0004860E06E40B1E06E006820F48070E16E49
:1017B0000860D4E91C104860012084F8350000BF9F
:1017C000002084F8340000BF206D10B12046216D48
:1017D000884700203EE6000010000240100402404E
:1017E0000854025810B50446A0B208F051FA10BDD2
:1017F0000348006840F0010001490860704700009C
:1018000020040058F8B502460B4600216F4DD7E082
:1018100001278F401E6806EA0704002C72D01E794B
:1018200006F00306012E04D01E7906F00306022EF0
:1018300013D190684F000326BE40B0434F00DE68CE
:10184000BE4030439060506801268E40B0431E7900
:10185000C6F300168E40304350601E7906F0030632
:10186000032E09D0D0684F000326BE40B0434F007E
:101870009E68BE403043D0601E7906F00306022EFB
:1018800013D1CF0802F1200656F827004E07F70EB5
:101890000F26BE40B0434F07FF0E1E69BE403043C7
:1018A000CF0802F1200646F8270010684F000326F3
:1018B000BE40B0431E7906F003064F00BE403043E1
:1018C00010605E6806F44036002E78D000BF404EAF
:1018D000366846F002063E4F3E603E46366806F0E9
:1018E0000206009600BF00BF3A4E8F0856F8270048
:1018F0008E07370F0F26BE40B043374EB24202D19B
:1019000000262EE05BE0354EB24201D1012628E0F0
:10191000334EB24201D1022623E0324EB24201D10F
:1019200003261EE0304EB24201D1042619E02F4EAC
:10193000B24201D1052614E02D4EB24201D1062655
:101940000FE02C4EB24201D107260AE02A4EB242E5
:1019500001D1082605E0294EB24201D1092600E056
:101960000A268F073F0FBE4030431A4E8F0846F8B5
:1019700027004FF0B0463068A0435E6806F480163A
:1019800006B120434FF0B04630607068A0435E68F7
:1019900006F4001606B120434FF0B0467060686848
:1019A000A0435E6806F4003606B1204368602868EC
:1019B000A0435E6806F4803606B120432860491CC7
:1019C0001E68CE40002E7FF423AFF8BD8000005883
:1019D000F444025808040058000002580004025859
:1019E00000080258000C0258001002580014025857
:1019F00000180258001C0258002002580024025807
:101A0000024613690B400BB1012000E00020704733
:101A10000AB1816101E00B048361704701480068ED
:101A2000000C70470010005C01480068704700001F
:101A30001C00002403480068034909780844014950
:101A4000086070471C0000242400002410B5052005
:101A500000F0A6FB02F08AFC10490968C1F30321DB
:101A60000F4A515C01F01F0120FA01F40B48006895
:101A700000F00F001146085C00F01F0024FA00F08F
:101A800008490860084804600F2000F00FF808B10A
:101A9000012010BD00F08EFA0020FAE71844025829
:101AA000BC7A0108080000240400002470B5044634
:101AB0001148007808B9012070BD0F4800784FF434
:101AC0007A71B1FBF0F00D490968B1FBF0F52846D9
:101AD00004F0CAF808B10120EEE7102C07D200226A
:101AE0002146501E00F01EFB0548046001E0012065
:101AF000E2E70020E0E700002400002404000024C6
:101B00002000002470B504460E46154600BF94F828
:101B1000A000012801D1022070BD012084F8A0009E
:101B200000BF022084F8A10005EB850101EBC5028E
:101B300004F1380101EB820034223146FEF705FF43
:101B40002A463146204604F0E1FC01202168486223
:101B500084F8A10000BF002084F8A00000BF00BFEF
:101B6000DAE7000070B504460CB9012070BD94F8A6
:101B7000A10028B9002084F8A000204600F07EF8DB
:101B8000022084F8A1002068806920F0704021685C
:101B90008861D4E901010843E168084321690843E9
:101BA0002168896908432168886120688068324912
:101BB000084021688860A08A050420688068A169BF
:101BC00029430843216888602068C0682A49084082
:101BD0002168C860A08B05042068C068216A294379
:101BE00008432168C86020680069234908402168CB
:101BF0000861A08C050420680069A16A2943084394
:101C000021680861206840691B49084021684861D3
:101C1000A08D050420684069216B29430843216891
:101C2000486194F83500050294F8360006042068EF
:101C3000C06A00F07F402168C86246EA050094F857
:101C4000341008432168C96A08432168C8622068C3
:101C5000406B40F00600216848632068806940F0CE
:101C60000100216888610020C4F8A400012084F8E4
:101C7000A10000207AE7000000F800F010B586B05F
:101C8000044600BF5D48006840F008005B490860FA
:101C90000846006800F00800009000BF00BF00BFC9
:101CA00056481038006840F0100054491039086058
:101CB0000846006800F01000009000BF00BF00BFA1
:101CC00000BF4E48001F006840F002004B49091F4A
:101CD00008600846006800F00200009000BF00BFE6
:101CE00000BF00BF00BF0846006840F02000086049
:101CF0000846006800F02000009000BF00BF00BF51
:101D000000BF00BF0846006840F4807008600846C5
:101D1000006800F48070009000BF00BF00BF00BFEB
:101D200000BF0846006840F48070086008460068FC
:101D300000F48070009000BF00BF00BF00BF00BF74
:101D40000846006840F0400008600846006800F05F
:101D50004000009000BF00BF00BF00BF0846006801
:101D600040F0800008600846006800F080000090A5
:101D700000BF00BF202001900120029003900320AB
:101D8000049001A91E48FFF73DFD4FF480600190CB
:101D90000220029000200390032004900E20059062
:101DA00001A91848FFF72EFD4FF40070019001A91A
:101DB0001548FFF727FD4FF48060019001A91248F4
:101DC000FFF720FD8020019001A91048FFF71AFDC0
:101DD0004FF40460019001A90C48FFF713FD4FF484
:101DE0007E40019001A90A48FFF70CFDF720019001
:101DF00001A90548FFF706FD06B010BDE4440258EE
:101E0000000402580014025800200258001802581A
:101E1000001C02582DE9F04104460E46174698462C
:101E200000BF94F8A000012802D10220BDE8F08193
:101E3000012084F8A00000BF022084F8A10008EB74
:101E4000880000EBC80104F1380000EB81052E602A
:101E5000A86A30446860AF60E86A3844E860424687
:101E60002946204604F052FB01202168486284F88C
:101E7000A10000BF002084F8A00000BF00BFD5E78C
:101E80002DE9F04104460E461746984600BF94F8E7
:101E9000A000012802D10220BDE8F081012084F8D1
:101EA000A00000BF022084F8A10008EB880000EB2E
:101EB000C80104F1380000EB8105286830446860EF
:101EC000A8683844E860AE62EF6242462946204680
:101ED00004F01CFB01202168486284F8A10000BFC7
:101EE000002084F8A00000BF00BFD5E74178154A64
:101EF00011600178F9B1121D41681160017B090779
:101F0000C27A41EA0261827A41EAC241427B41EAF5
:101F10008241827B41EA4241C27B41EA0241427AEC
:101F200041EA0221027A41EA420102781143054A5C
:101F30000832116005E00021024A121D1160121DD5
:101F40001160704798ED00E000BF00BF00BFBFF315
:101F50005F8F00BF00BF00BF0548006820F48030DD
:101F60000349086000200249703108607047000092
:101F700024ED00E040F001010D4A11600C49703978
:101F8000096841F480310A4A703A116000BF00BF0D
:101F900000BFBFF34F8F00BF00BF00BF00BF00BF37
:101FA00000BFBFF36F8F00BF00BF00BF70470000CE
:101FB00094ED00E07047000070B504460E461546EB
:101FC0000CB9012070BD94F8210028B9002084F8D4
:101FD0002000204600F022F8211D2068FEF76AFE4E
:101FE0003146D4E90002FEF754FE2946D4E9000246
:101FF000FEF73FFE2068006840F00400216808609A
:102000000548006840F0004003490860012084F85A
:1020100021000020D6E700000040005210B586B035
:10202000044600BF3148006840F480502F490860E2
:102030000846006800F48050009000BF00BF00BF59
:102040002A480C30006840F0080028490C3108602C
:102050000846006800F00800009000BF00BF00BF05
:102060000846006840F0100008600846006800F06C
:102070001000009000BF00BF00BF0846006840F09D
:10208000400008600846006800F04000009000BF73
:1020900000BF402001900020029001200390032007
:1020A000049001A91248FFF7ADFB4FF400700190B6
:1020B0000220029000200390032004900C20059041
:1020C00001A90C48FFF79EFB4DF63300019000205C
:1020D000039001A90648FFF795FB4FF4F0600190CB
:1020E00001A90548FFF78EFB06B010BDD444025885
:1020F000000C025800180258001002580146084609
:1021000000280DDB00BF00BF00F01F0301229A4032
:1021100043099B0003F1E023C3F8002100BF00BF87
:1021200000BF70472DE9F05F80460D46164606F069
:1021300085FD074639462A46334601F00700C0F1BF
:10214000070ABAF1040F02D94FF0040A01E0C0F106
:10215000070AD14600F1040ABAF1070F02D24FF084
:10216000000A01E0A0F1030AD4464FF0010A0AFA7E
:1021700009FAAAF1010A0AEA020A0AFA0CFA4FF06D
:10218000010B0BFA0CFBABF1010B0BEA030B4AEA58
:102190000B042146404606F059FDBDE8F09F0000C3
:1021A00000BF00F00702064B19684FF6FF03194005
:1021B000044B0B4343EA0221014B196000BF7047F7
:1021C0000CED00E00000FA050348006840F0807064
:1021D00001490860704700000C4802582DE9F84397
:1021E00004460D461746FFF71FFC8046A86900B15C
:1021F00000BFE86900B100BF286A00B100BF00BF9E
:1022000094F84000012802D10220BDE8F8830120A3
:1022100084F8400000BF94F84100012828D1002034
:102220006064022084F841004346002220212046B9
:10223000009704F0B2FB0646DEB90022294620468C
:1022400004F0B7FA686A78B94346012202212046B1
:10225000009704F0A2FB06465EB902202168C86020
:10226000012084F8410004E0012084F8410000E0EE
:10227000022600BF002084F8400000BF3046C4E7BB
:10228000F8B50446FFF7D0FB06460CB90120F8BDAF
:10229000206A402800D000BF94F8410038B9204699
:1022A00000F046F841F28831204600F063F92068DA
:1022B000006820F47061A068401E41EA0020216897
:1022C0000860A06C3346002220210090204604F0D4
:1022D00064FB054635BB2179E06840EA0160E169AD
:1022E0000843216A0843216809680F4A11400843DE
:1022F00021680860208A616941EA0040A1690843B9
:1023000021684968094A11400843216848602068EB
:10231000006840F00100216808600020606401202E
:1023200084F841002846B2E72FFFFF00FEF8E0FFE7
:1023300010B586B0044600BF5248006840F48040A3
:10234000504908600846006800F48040009000BFD3
:1023500000BF00BF00BF4B480C30006840F00200D7
:1023600048490C3108600846006800F002000090FF
:1023700000BF00BF00BF00BF00BF0846006840F0BC
:10238000020008600846006800F00200009000BFEC
:1023900000BF00BF00BF00BF0846006840F020003B
:1023A00008600846006800F02000009000BF00BFF1
:1023B00000BF00BF00BF0846006840F02000086072
:1023C0000846006800F02000009000BF00BF00BF7A
:1023D00000BF00BF0846006840F0200008600846C3
:1023E000006800F02000009000BF00BF00BF00BFE9
:1023F00000BF0846006840F02000086008460068FA
:1024000000F02000009000BF00BF00BF40200190FE
:102410000220029001200390032004900A200590DE
:1024200001A91948FFF7EEF94FF4807001900020E0
:10243000039001A91548FFF7E5F94FF400700190EA
:102440000020039001A91148FFF7DCF90420019056
:1024500002200290002003900320049009200590A0
:1024600001A90948FFF7CEF94020019001A90748CA
:10247000FFF7C8F98020019001A90448FFF7C2F9CD
:1024800006B010BDD444025800040258001402588B
:102490002DE9F84F04460E4617460025FFF7C4FA0B
:1024A00080462068D0F81890206800F1200A00BF0C
:1024B00094F84000012802D10220BDE8F88F0120E5
:1024C00084F8400000BF94F8410001284AD1002060
:1024D0006064002E40D0222084F84100206800690A
:1024E000401CA06320680069401C6063266320686C
:1024F000406920F0406040F08060216848612068B9
:10250000C0F8189013E043460122062120460097A8
:1025100004F043FA054605B10CE09AF80000216B7F
:102520000870206B401C2063A06B401EA063A06B52
:102530000028E8D100BF5DB94346012202212046B0
:10254000009704F02AFA054615B902202168C860F0
:10255000012084F8410006E0606C40F008006064EF
:10256000012500E0022500BF002084F8400000BFE4
:102570002846A2E7816470472DE9F84304460E46D9
:1025800017460025FFF750FA8046206800F1200921
:1025900000BF94F84000012802D10220BDE8F88372
:1025A000012084F8400000BF94F84100012845D183
:1025B00000206064002E3BD0122084F84100206887
:1025C0000069401CE06220680069401CA0626662ED
:1025D0002068406920F040602168486113E043466C
:1025E000012204212046009704F0D7F9054605B1E1
:1025F0000CE0606A007889F80000606A401C606244
:10260000E06A401EE062E06A0028E8D100BF5DB9E0
:102610004346012202212046009704F0BEF90546F8
:1026200015B902202168C860012084F8410006E045
:10263000606C40F008006064012500E0022500BFE6
:10264000002084F8400000BF2846A7E710B501F03D
:1026500043FE05490968C1F30211044A515C01F0C7
:102660001F01C84010BD000020440258BC7A010878
:1026700070B50146844D2D6805F00303824D2D6829
:10268000C5F30510804D2D1D2D6805F001047E4D0C
:102690000C352D68C5F3CC0515FB04F501EE105A79
:1026A000B8EE411AF0EE410A00286FD023B1012B99
:1026B0004ED0022B6BD16BE0734D283D2D68C5F3D6
:1026C00040153DB3704D283D2D68C5F3C1066F4DD3
:1026D00025FA06F201EE102AF8EE411A01EE100A70
:1026E000B8EE411A81EE812A9FED691AC0EE811A77
:1026F000654D08352D68C5F3080501EE105AB8EE92
:10270000411A31EE811AF7EE001A31EE211A22EE4B
:10271000010A1CE001EE100AB8EE411ADFED5D1A65
:1027200081EE812A9FED5A1AC0EE811A564D083566
:102730002D68C5F3080501EE105AB8EE411A31EEC6
:10274000811AF7EE001A31EE211A22EE010A5BE03F
:1027500001EE100AB8EE411ADFED4F1A81EE812A20
:102760009FED4B1AC0EE811A474D08352D68C5F311
:10277000080501EE105AB8EE411A31EE811AF7EE53
:10278000001A31EE211A22EE010A3DE077E01DE049
:1027900001EE100AB8EE411A9FED402AC2EE011A6E
:1027A0009FED3B1A80EE812A374D08352D68C5F321
:1027B000080501EE105AB8EE411A32EE011AB7EED2
:1027C000002A31EE021A21EE810A1DE001EE100A04
:1027D000B8EE411ADFED2F1A81EE812A9FED2C1AF7
:1027E000C0EE811A284D08352D68C5F3080501EEA5
:1027F000105AB8EE411A31EE811AF7EE001A31EE96
:10280000211A22EE010A00BF00BF1F4D08352D68B6
:10281000C5F3462501EE105AB8EE411AF7EE001A3C
:1028200031EE211AC0EE011ABCEEE11A81ED001A58
:10283000154D08352D68C5F3064501EE105AB8EE62
:10284000411AF7EE001A31EE211AC0EE011ABCEE61
:10285000E11A81ED011A0C4D08352D68C5F30665A6
:1028600001EE105AB8EE411AF7EE001A31EE211AB5
:10287000C0EE011ABCEEE11A81ED021A03E0002558
:102880000D604D608D6070BD284402580090D003EB
:10289000000000460024744C0024744A20BCBE4B47
:1028A00070B50146844D2D6805F00303824D2D68F7
:1028B000C5F30530804D2D1D2D68C5F300147E4DE8
:1028C00014352D68C5F3CC0515FB04F501EE105A3F
:1028D000B8EE411AF0EE410A00286FD023B1012B67
:1028E0004ED0022B6BD16BE0734D283D2D68C5F3A4
:1028F00040153DB3704D283D2D68C5F3C1066F4DA1
:1029000025FA06F201EE102AF8EE411A01EE100A3D
:10291000B8EE411A81EE812A9FED691AC0EE811A44
:10292000654D10352D68C5F3080501EE105AB8EE57
:10293000411A31EE811AF7EE001A31EE211A22EE19
:10294000010A1CE001EE100AB8EE411ADFED5D1A33
:1029500081EE812A9FED5A1AC0EE811A564D10352C
:102960002D68C5F3080501EE105AB8EE411A31EE94
:10297000811AF7EE001A31EE211A22EE010A5BE00D
:1029800001EE100AB8EE411ADFED4F1A81EE812AEE
:102990009FED4B1AC0EE811A474D10352D68C5F3D7
:1029A000080501EE105AB8EE411A31EE811AF7EE21
:1029B000001A31EE211A22EE010A3DE077E01DE017
:1029C00001EE100AB8EE411A9FED402AC2EE011A3C
:1029D0009FED3B1A80EE812A374D10352D68C5F3E7
:1029E000080501EE105AB8EE411A32EE011AB7EEA0
:1029F000002A31EE021A21EE810A1DE001EE100AD2
:102A0000B8EE411ADFED301A81EE812A9FED2C1AC3
:102A1000C0EE811A284D10352D68C5F3080501EE6A
:102A2000105AB8EE411A31EE811AF7EE001A31EE63
:102A3000211A22EE010A00BF00BF1F4D10352D687C
:102A4000C5F3462501EE105AB8EE411AF7EE001A0A
:102A500031EE211AC0EE011ABCEEE11A81ED001A26
:102A6000154D10352D68C5F3064501EE105AB8EE28
:102A7000411AF7EE001A31EE211AC0EE011ABCEE2F
:102A8000E11A81ED011A0C4D10352D68C5F306656C
:102A900001EE105AB8EE411AF7EE001A31EE211A83
:102AA000C0EE011ABCEEE11A81ED021A03E0002526
:102AB0000D604D608D6070BD284402580090D003B9
:102AC000000000460024744C0024744A20BCBE4B15
:102AD00070B50146844D2D6805F00303824D2D68C5
:102AE000C5F30550804D2D1D2D68C5F300247E4D86
:102AF0001C352D68C5F3CC0515FB04F501EE105A05
:102B0000B8EE411AF0EE410A00286FD023B1012B34
:102B10004ED0022B6BD16BE0734D283D2D68C5F371
:102B200040153DB3704D283D2D68C5F3C1066F4D6E
:102B300025FA06F201EE102AF8EE411A01EE100A0B
:102B4000B8EE411A81EE812A9FED691AC0EE811A12
:102B5000654D18352D68C5F3080501EE105AB8EE1D
:102B6000411A31EE811AF7EE001A31EE211A22EEE7
:102B7000010A1CE001EE100AB8EE411ADFED5D1A01
:102B800081EE812A9FED5A1AC0EE811A564D1835F2
:102B90002D68C5F3080501EE105AB8EE411A31EE62
:102BA000811AF7EE001A31EE211A22EE010A5BE0DB
:102BB00001EE100AB8EE411ADFED4F1A81EE812ABC
:102BC0009FED4B1AC0EE811A474D18352D68C5F39D
:102BD000080501EE105AB8EE411A31EE811AF7EEEF
:102BE000001A31EE211A22EE010A3DE077E01DE0E5
:102BF00001EE100AB8EE411A9FED402AC2EE011A0A
:102C00009FED3B1A80EE812A374D18352D68C5F3AC
:102C1000080501EE105AB8EE411A32EE011AB7EE6D
:102C2000002A31EE021A21EE810A1DE001EE100A9F
:102C3000B8EE411ADFED301A81EE812A9FED2C1A91
:102C4000C0EE811A284D18352D68C5F3080501EE30
:102C5000105AB8EE411A31EE811AF7EE001A31EE31
:102C6000211A22EE010A00BF00BF1F4D18352D6842
:102C7000C5F3462501EE105AB8EE411AF7EE001AD8
:102C800031EE211AC0EE011ABCEEE11A81ED001AF4
:102C9000154D18352D68C5F3064501EE105AB8EEEE
:102CA000411AF7EE001A31EE211AC0EE011ABCEEFD
:102CB000E11A81ED011A0C4D18352D68C5F3066532
:102CC00001EE105AB8EE411AF7EE001A31EE211A51
:102CD000C0EE011ABCEEE11A81ED021A03E00025F4
:102CE0000D604D608D6070BD284402580090D00387
:102CF000000000460024744C0024744A20BCBE4BE3
:102D00002DE9F0418AB00646B6F5807F70D1FE48C5
:102D1000006800F00708B8F1050F65D2DFE808F099
:102D2000031221623000F8485038006800F000704B
:102D3000B0F1007F04D107A8FFF79AFC089C00E0DF
:102D4000002453E0F0485038006800F00060B0F113
:102D5000006F04D104A8FFF7A3FD049C00E0002449
:102D600044E0E9485038006800F00050B0F1005FDE
:102D700004D101A8FFF7ACFE019C00E0002435E07F
:102D8000E148001F006800F04055DF4850380068F7
:102D900000F00400042809D145B9DB485038006828
:102DA000C0F3C101D94820FA01F41AE0D6485038DE
:102DB000006800F48070B0F5807F04D1B5F1805FC9
:102DC00001D1D34C0DE0D0485038006800F40030F9
:102DD000B0F5003F04D1B5F1005F01D1CD4C00E06A
:102DE000002403E0CC4C01E0002400BF24E3FFE713
:102DF000B6F5007F7AD1C448006800F4E078B8F1F5
:102E0000800F2CD006DCB8F1000F0AD0B8F1400FCB
:102E100069D115E0B8F1C00F63D0B8F5807F62D1F9
:102E20002CE0B9485038006800F00070B0F1007F25
:102E300004D107A8FFF71CFC089C00E0002454E024
:102E4000B1485038006800F00060B0F1006F04D164
:102E500004A8FFF725FD049C00E0002445E0AA48F3
:102E60005038006800F00050B0F1005F04D101A8B4
:102E7000FFF72EFE019C00E0002436E0A248001F70
:102E8000006800F04055A0485038006800F0040089
:102E9000042809D145B99C4850380068C0F3C101E5
:102EA0009A4820FA01F41BE097485038006800F473
:102EB0008070B0F5807F04D1B5F1805F01D1944C72
:102EC0000EE091485038006800F40030B0F5003F43
:102ED00005D1B5F1005F02D18E4C01E006E000247F
:102EE00003E08D4C01E0002400BFA5E2B6F5806F41
:102EF0007BD185480830006800F46008B8F5800F81
:102F00002CD006DCB8F1000F0AD0B8F5001F69D14B
:102F100015E0B8F5C00F63D0B8F5000F62D12CE012
:102F200079485038006800F00070B0F1007F04D19B
:102F300007A8FFF79DFB089C00E0002454E07248BE
:102F40005038006800F00060B0F1006F04D104A8B0
:102F5000FFF7A6FC049C00E0002445E06A485038D6
:102F6000006800F00050B0F1005F04D101A8FFF745
:102F7000AFFD019C00E0002436E06348001F0068BC
:102F800000F0405560485038006800F00400042804
:102F900009D145B95C4850380068C0F3C1015B48AD
:102FA00020FA01F41BE058485038006800F48070A3
:102FB000B0F5807F04D1B5F1805F01D1544C0EE0B3
:102FC00051485038006800F40030B0F5003F05D19A
:102FD000B5F1005F02D14F4C01E006E0002403E0B0
:102FE0004D4C01E0002400BF26E2B6F5006F7BD116
:102FF00045480830006800F0E068B8F1007F2CD048
:1030000006DCB8F1000F0AD0B8F1807F69D115E075
:10301000B8F1407F63D0B8F1806F62D12CE03A48BC
:103020005038006800F00070B0F1007F04D107A8AC
:10303000FFF71EFB089C00E0002454E032485038A3
:10304000006800F00060B0F1006F04D104A8FFF741
:1030500027FC049C00E0002445E02B485038006821
:1030600000F00050B0F1005F04D101A8FFF730FD7F
:10307000019C00E0002436E02348001F006800F0B7
:10308000405521485038006800F00400042809D158
:1030900045B91D4850380068C0F3C1011B4820FAEB
:1030A00001F41BE018485038006800F48070B0F557
:1030B000807F04D1B5F1805F01D1154C0EE012483C
:1030C0005038006800F40030B0F5003F05D1B5F18C
:1030D000005F02D10F4C01E006E0002403E00E4C3B
:1030E00001E0002400BFA7E1B6F5805F7CD106486F
:1030F000006800F4E047B7F5005F32D00EDCA7B1FE
:10310000B7F5805F6DD11EE0504402580090D003A7
:1031100000093D0040787D010080BB00B7F5405FAD
:103120005DD0B7F5804F5CD129E0C548006800F05C
:103130000070B0F1007F04D107A8FFF799FA089C4E
:1031400000E000244FE0BE48006800F00060B0F1ED
:10315000006F04D104A8FFF7A3FB049C00E0002447
:1031600041E0B748006800F00050B0F1005F04D1C2
:1031700001A8FFF7ADFC019C00E0002433E0B0485B
:103180004C30006800F04055AD48006800F0040085
:10319000042808D13DB9AA480068C0F3C101A94874
:1031A00020FA01F41AE0A648006800F48070B0F537
:1031B000807F04D1B5F1805F01D1A34C0EE0A0481F
:1031C000006800F40030B0F5003F06D1B5F1005FB3
:1031D00003D19E4C02E007E003E0002403E09C4C96
:1031E00001E0002400BF27E1B6F5002F59D1944833
:1031F0005830006800F4403737B1B7F5803F11D040
:10320000B7F5003F4AD11BE08D48006800F0006030
:10321000B0F1006F04D104A8FFF742FB049C00E06A
:1032200000243DE08648006800F00050B0F1005FE7
:1032300004D101A8FFF74CFC039C00E000242FE020
:103240007F484C30006800F040557D48006800F031
:103250000400042808D13DB979480068C0F3C101D1
:10326000784820FA01F418E07548006800F480708E
:10327000B0F5807F04D1B5F1805F01D1724C0CE0D4
:103280006F48006800F40030B0F5003F04D1B5F19C
:10329000005F01D16D4C00E0002401E0002400BF7C
:1032A000CAE0B6F5803F28D165484C30006800F48C
:1032B00080371FB1B7F5803F1CD10DE06048006832
:1032C00000F00070B0F1007F04D107A8FFF7D0F93B
:1032D000089C00E000240FE05948006800F00060FE
:1032E000B0F1006F04D104A8FFF7DAFA069C00E001
:1032F000002401E0002400BF9EE0B6F5804F60D1BD
:103300004F485830006800F0E047B7F1405F2FD0D9
:1033100007DC6FB1B7F1805F0ED0B7F1005F4DD120
:1033200018E0B7F1804F33D0B7F1A04F46D13AE063
:10333000FFF78CF9044643E04148006800F0006064
:10334000B0F1006F04D104A8FFF7AAFA059C00E0D1
:10335000002435E03A48006800F00050B0F1005F0A
:1033600004D101A8FFF7B4FB029C00E0002427E091
:103370003348006800F00400042807D13048006892
:10338000C0F3C1012F4820FA01F400E0002417E047
:103390002B48006800F48070B0F5807F01D12A4C82
:1033A00000E000240CE02648006800F40030B0F58E
:1033B000003F01D1254C00E0002401E0002400BFC3
:1033C0003AE0B6F5004F36D11D485030006800F0A5
:1033D000405737B1B7F1805F0ED0B7F1005F27D10A
:1033E00018E01748006800F40030B0F5003F01D144
:1033F000164C00E000241DE01148006800F0007049
:10340000B0F1007F04D107A8FFF732F9089C00E073
:1034100000240FE00A48006800F00060B0F1006F7F
:1034200004D104A8FFF73CFA059C00E0002401E069
:10343000002400BF00E0002420460AB0BDE8F0816F
:10344000004402580090D00300093D0040787D01FF
:103450000080BB002DE9F04104460025A846206805
:1034600000F00060B0F1006F30D1606E48B1B0F58F
:10347000801F0DD0B0F5001F10D0B0F5401F15D142
:1034800013E0F948006840F40030F74908600FE0A5
:103490000221201D03F0A8FA054609E0022104F1EB
:1034A000240003F053FB054602E001E0012500BFC4
:1034B00000BF55B9EC482430006820F44010616E1C
:1034C0000843E9492431086000E0A846208800F458
:1034D0008070B0F5807F2DD1606D05281AD2DFE8AD
:1034E00000F0030A10171800DF48006840F40030AD
:1034F000DD49086010E00021201D03F075FA054643
:103500000AE0002104F1240003F020FB054603E05B
:1035100002E001E0012500BF00BF55B9D2482430C8
:10352000006820F00700616D0843CF49243108602E
:1035300000E0A846208800F40070B0F5007F33D189
:10354000A06D802817D003DC40B140281CD10CE0CE
:10355000C02817D0B0F5807F16D114E0C2480068AB
:1035600040F40030C049086010E00021201D03F045
:103570003BFA05460AE0002104F1240003F0E6FAD4
:10358000054603E002E001E0012500BF00BF55B998
:10359000B5482430006820F4E070A16D0843B249BA
:1035A0002431086000E0A846208800F48060B0F56F
:1035B000806F38D1D4F8A400B0F5800F19D004DCA6
:1035C00050B1B0F5001F1DD10DE0B0F5C00F17D000
:1035D000B0F5000F16D114E0A348006840F40030A5
:1035E000A149086010E00021201D03F0FDF9054607
:1035F0000AE0002104F1240003F0A8FA054603E0E4
:1036000002E001E0012500BF00BF5DB996482C3003
:10361000006820F46000D4F8A410084392492C31CB
:10362000086000E0A846208800F40060B0F5006F54
:1036300038D1D4F8A800B0F1007F19D004DC50B123
:10364000B0F1807F1DD10DE0B0F1407F17D0B0F117
:10365000806F16D114E08448006840F4003082493D
:10366000086010E00021201D03F0BEF905460AE0C5
:10367000002104F1240003F069FA054603E002E0AA
:1036800001E0012500BF00BF5DB977482C3000681C
:1036900020F0E060D4F8A810084373492C3108608A
:1036A00000E0A846206800F00070B0F1007F27D14C
:1036B000A06CA0B1102804D0202809D030280FD148
:1036C0000CE06948006840F400306749086009E090
:1036D0000221201D03F088F9054603E002E001E025
:1036E000012500BF00BF55B95F482030006820F0B9
:1036F0003000A16C08435C492031086000E0A84616
:10370000208800F48050B0F5805F36D1E06DB0F5D0
:10371000005F19D004DC50B1B0F5805F1DD10DE021
:10372000B0F5405F17D0B0F5804F16D114E04E4889
:10373000006840F400304C49086010E00021201D72
:1037400003F052F905460AE0002104F1240003F0D9
:10375000FDF9054603E002E001E0012500BF00BFDE
:1037600055B941482430006820F4E040E16D084339
:103770003D492431086000E0A846208800F400504C
:10378000B0F5005F34D1206EB0F5403F1DD007DCAE
:1037900068B1B0F5803F0BD0B0F5003F18D10DE017
:1037A000B0F5802F12D0B0F5A02F11D10FE011E0AD
:1037B0000121201D03F018F905460BE0012104F159
:1037C000240003F0C3F9054604E003E002E001E051
:1037D000012500BF00BF55B923482430006820F4FC
:1037E000E020216E084320492431086000E0A8460B
:1037F000208800F48040B0F5804F38D1D4F8AC0078
:10380000B0F1405F1DD007DC68B1B0F1805F0BD034
:10381000B0F1005F18D10DE0B0F1804F12D0B0F1DF
:10382000A04F11D10FE011E00121201D03F0DCF8C1
:1038300005460BE0012104F1240003F087F9054659
:1038400004E003E002E001E0012500BF00BF6DB924
:1038500005482C30006820F0E040D4F8AC10084354
:1038600001492C31086002E02C440258A846208807
:1038700000F40040B0F5004F26D1E06E98B1B0F1F1
:10388000805F03D0B0F1005F0ED106E0F948006818
:1038900040F40030F749086008E00121201D03F0E2
:1038A000A3F8054602E001E0012500BF00BF55B9BD
:1038B000F0482430006820F04050E16E0843ED49A4
:1038C0002431086000E0A846206800F08070B0F164
:1038D000807F27D1606CA0B1012804D0022809D0D4
:1038E00003280FD10CE0E348006840F40030E149C0
:1038F000086009E00221201D03F076F8054603E088
:1039000002E001E0012500BF00BF55B9D9482030D1
:10391000006820F00300616C0843D649203108603C
:1039200000E0A846206800F48000B0F5800F7DD14B
:10393000D148006840F48070CF490860FEF774F801
:10394000064606E0FEF770F8801B642801D90325BF
:1039500005E0C948006800F480700028F2D000BF7C
:1039600085BBC4484430006800F44070B4F8B0101F
:1039700001F44071884213D0BE484430006820F4FE
:103980004077BC484430006840F48030B949443145
:1039900008600846006820F4803008600846076028
:1039A000D4F8B000B0F5807F15D1FEF73DF806469B
:1039B00009E0FEF739F8801B41F28831884202D9CC
:1039C000032507E038E0AB4844300068C0F340000E
:1039D0000028EED000BF55BB00BFB4F8B00000F423
:1039E0004070B0F5407F0ED1A2481C38006820F42A
:1039F0007C51A24AD4F8B000104041EA10109D4911
:103A00001C39086007E09B481C38006820F47C5093
:103A100098491C390860974844300068B4F8B010E1
:103A2000C1F30B0108439349443101E005E001E093
:103A3000086002E0A84600E0A846207800F00100F7
:103A400068B3A06F182819D005DC48B1082808D041
:103A5000102816D10BE0202811D0282811D10FE012
:103A600011E00121201D02F0BFFF05460BE00121FE
:103A700004F1240003F06AF8054604E003E002E0E4
:103A800001E0012500BF00BF55B97A482830006821
:103A900020F03800A16F084376492831086000E023
:103AA000A846207800F00200022828D1606F06287E
:103AB00015D2DFE800F003040A11121311E001210E
:103AC000201D02F091FF05460BE0012104F12400C6
:103AD00003F03CF8054604E003E002E001E00125C4
:103AE00000BF00BF55B963482830006820F00700C8
:103AF000616F08435F492831086000E0A8462078DC
:103B000000F0040004282AD1D4F89000062815D229
:103B1000DFE800F003040A11121311E00121201D57
:103B200002F062FF05460BE0012104F1240003F0DE
:103B30000DF8054604E003E002E001E0012500BFC6
:103B400000BF5DB94B482C30006820F00700D4F866
:103B50009010084347492C31086000E0A8462078BF
:103B600000F02000202836D1D4F88C00B0F1405F5E
:103B70001DD007DC68B1B0F1805F0BD0B0F1005F01
:103B800018D10DE0B0F1804F12D0B0F1A04F11D19B
:103B90000FE011E00021201D02F026FF05460BE09A
:103BA000022104F1240002F0D1FF054604E003E005
:103BB00002E001E0012500BF00BF5DB92D482830BB
:103BC000006820F0E040D4F88C10084329492831DF
:103BD000086000E0A846207800F04000402836D178
:103BE000D4F89800B0F5406F1DD007DC68B1B0F58F
:103BF000806F0BD0B0F5006F18D10DE0B0F5805F8D
:103C000012D0B0F5A05F11D10FE011E00021201D0E
:103C100002F0EAFE05460BE0022104F1240002F066
:103C200095FF054604E003E002E001E0012500BF46
:103C300000BF5DB90F482C30006820F4E050D4F884
:103C4000981008430B492C31086000E0A846207802
:103C500000F0800080283AD1D4F89C00B0F5C04F25
:103C600023D00DDC98B1B0F5005F11D0B0F5804FD6
:103C70001ED113E02C44025800480258FFFCFF0FED
:103C8000B0F5004F12D0B0F5204F11D10FE011E088
:103C90000021201D02F0A8FE05460BE0022104F1E0
:103CA000240002F053FF054604E003E002E001E0D7
:103CB000012500BF00BF4DB9BE48006820F4604038
:103CC000D4F89C100843BB49086000E0A84620785F
:103CD00000F00800082817D1D4F88000B0F5805F04
:103CE00007D1022104F1240002F030FF08B14FF0A7
:103CF0000108B048001F006820F44050D4F880103C
:103D00000843AC49091F0860207800F01000102813
:103D100015D1D4F89400B0F5807F07D1022104F1C9
:103D2000240002F013FF08B14FF00108A148006819
:103D300020F44070D4F8941008439E49086020682D
:103D400000F40020B0F5002F26D1D4F8A00030B147
:103D5000B0F5803F09D0B0F5003F0ED10CE0002156
:103D6000201D02F041FE054609E0022104F1240075
:103D700002F0ECFE054602E001E0012500BF00BFB5
:103D80004DB98C48006820F44030D4F8A0100843A6
:103D90008849086000E0A846206800F48020B0F55B
:103DA000802F2DD1D4F88400B0F5801F06D0B0F557
:103DB000001F0CD0B0F5401F11D10FE07D482C380A
:103DC000006840F400307B492C39086009E001218B
:103DD00004F1240002F0BAFE054602E001E00125EC
:103DE00000BF00BF5DB97348001F006820F4401099
:103DF000D4F8841008436F49091F086000E0A84602
:103E0000206800F48030B0F5803F24D1E06C18B118
:103E1000B0F5803F0FD108E066482C38006840F4C8
:103E2000003064492C39086007E00221201D02F0AF
:103E3000DBFD054601E0012500BF00BF55B95D4827
:103E40000C38006820F48030E16C084359490C3983
:103E5000086000E0A846206800F00050B0F1005F64
:103E600007D1022104F1240002F070FE08B14FF0E6
:103E70000108206800F40030B0F5003F27D1E06F62
:103E8000A0B1B0F5807F06D0B0F5007F0CD0B0F5C2
:103E9000407F0CD109E047482C38006840F40030DE
:103EA00044492C39086004E003E002E001E0012508
:103EB00000BF00BF55B93F48001F006820F44070A4
:103EC000E16F08433B49091F086000E0A8462068ED
:103ED00000F48010B0F5801F09D13648083800681A
:103EE00020F00040216F08433249083908602068FB
:103EF00000F08050B0F1805F0AD12E484838006849
:103F000020F48040D4F8B41008432A4948390860A6
:103F1000206800F40010B0F5001F09D125480838CA
:103F2000006820F08070A16E0843224908390860BB
:103F3000206800F08040B0F1804F11D100BF1D48D3
:103F40004838006820F400401A494839086008469B
:103F50000068D4F8B810084316494839086000BF13
:103F6000206800F00040B0F1004F09D111480C3832
:103F7000006820F04050216D08430E490C3908605C
:103F8000206800F40000B0F5000F0AD10948001FB6
:103F9000006820F44000D4F8881008430549091F40
:103FA0000860B8F1000F02D10020BDE8F0810120C7
:103FB000FBE70000584402582DE9F04104460D4645
:103FC00014B90120BDE8F081BD48006800F00F0081
:103FD000A8420ED2BA48006820F00F002843B84922
:103FE00008600846006800F00F00A84201D00120D8
:103FF000E8E7207800F0040004280ED1B1492069D8
:10400000096801F07001884207D9AE48006820F0C5
:10401000700021690843AB490860207800F008006F
:10402000082811D1A749091D6069096801F07001CC
:10403000884209D9A348001D006820F0700061691A
:104040000843A049091D0860207800F010001028DE
:1040500011D19C49091DA069096801F4E0618842F9
:1040600009D99848001D006820F4E060A169084360
:104070009449091D0860207800F02000202811D103
:1040800090490831E069096801F07001884209D956
:104090008C480830006820F07000E16908438949C5
:1040A00008310860207800F0020002280ED185490E
:1040B000E068096801F00F01884207D9814800686B
:1040C00020F00F00E16808437E490860207800F086
:1040D0000100002850D07B48006820F47060A1687F
:1040E0000843784908606068022807D17548183885
:1040F0000068C0F34040F8B9012063E76068032816
:1041000007D1704818380068C0F34060A0B901209A
:1041100058E76068012807D16A4818380068C0F37A
:10412000002048B901204DE7664818380068C0F300
:10413000800008B9012045E762480838006820F08F
:104140000700616808435F4908390860FDF76CFCA7
:10415000064608E0FDF768FC801B41F28831884282
:1041600001D903202EE757480838006800F03800CE
:104170006168B0EBC10FEDD1207800F00200022899
:104180000ED15049E068096801F00F01884207D25A
:104190004C48006820F00F00E16808434949086076
:1041A0004748006800F00F00A8420ED94448006854
:1041B00020F00F002843424908600846006800F0DC
:1041C0000F00A84201D00120FCE6207800F0040096
:1041D00004280ED13B492069096801F0700188422A
:1041E00007D23848006820F070002169084335493B
:1041F0000860207800F00800082811D13149091D15
:104200006069096801F07001884209D22D48001DDB
:10421000006820F07000616908432A49091D0860A0
:10422000207800F01000102811D12649091DA0693E
:10423000096801F4E061884209D22248001D006843
:1042400020F4E060A16908431E49091D0860207838
:1042500000F02000202811D11A490831E0690968CE
:1042600001F07001884209D216480830006820F039
:104270007000E169084313490831086000F076F8DE
:1042800010490968C1F303210F4A515C01F01F0175
:1042900020FA01F70B48006800F00F001146085C97
:1042A00000F01F0027FA00F008490860084807607E
:1042B00008480068FDF7FAFB8046404682E60000A9
:1042C0000020005218440258BC7A0108080000245B
:1042D000040000242000002410B500F047F80D4928
:1042E0000968C1F303210C4A515C01F01F0120FA57
:1042F00001F40848006800F00F001146085C00F067
:104300001F0024FA00F005490860054804600846CB
:10431000006810BD18440258BC7A01080800002447
:104320000400002400B5FFF7D7FF05490968C1F371
:104330000211044A515C01F01F01C84000BD000099
:104340001C440258BC7A010800B5FFF7C5FF0549B7
:104350000968C1F30221044A515C01F01F01C84001
:1043600000BD00001C440258BC7A0108F0B5824E22
:10437000366806F0380636B1082E15D0102E15D046
:10438000182E7DD114E07C4E103E3668C6F34016E0
:1043900046B1794E103E3668C6F3C107774E26FA0D
:1043A00007F000E07548E5E07548E3E07548E1E0B6
:1043B000714E1836366806F003046F4E18363668AC
:1043C000C6F305116C4E1C36366806F001056A4EC0
:1043D00024363668C6F3CC0616FB05F601EE106AE5
:1043E000B8EE410A002971D024B1012C50D0022C22
:1043F0006DD16DE0604E103E3668C6F340163EB398
:104400005D4E103E3668C6F3C1075C4E26FA07F3D0
:1044100001EE103AF8EE411A01EE101AB8EE411A08
:1044200081EE812A9FED581AC0EE011A524E2036B5
:104430003668C6F3080601EE106AB8EE411A31EE8E
:10444000811AF7EE001A31EE211A62EE010A1EE01F
:1044500001EE101AB8EE411ADFED4C1A81EE812AF6
:104460009FED491AC0EE011A434E20363668C6F356
:10447000080601EE106AB8EE411A31EE811A00E02A
:1044800076E0F7EE001A31EE211A62EE010A5BE0E7
:1044900001EE101AB8EE411A9FED3D2AC2EE011A44
:1044A0009FED391A80EE012A334E20363668C6F366
:1044B000080601EE106AB8EE411A32EE011AB7EEA4
:1044C000002A31EE021A61EE810A3DE04EE01DE065
:1044D00001EE101AB8EE411ADFED2E1A81EE812A94
:1044E0009FED291AC0EE011A234E20363668C6F316
:1044F000080601EE106AB8EE411A31EE811AF7EEA5
:10450000001A31EE211A62EE010A1DE001EE101AC6
:10451000B8EE411A9FED1E2AC2EE011A9FED1A1A3B
:1045200080EE012A144E20363668C6F3080601EEE6
:10453000106AB8EE411A32EE011AB7EE002A31EED7
:10454000021A61EE810A00BF00BF0B4E20363668AA
:10455000C6F34626721C01EE102AB8EE411AC0EED0
:10456000811ABCEEE11A11EE100A00E0002001E011
:10457000034800BF00BFF0BD104402580090D003B4
:1045800000093D0040787D01000000460024744C85
:104590000024744A20BCBE4B2DE9F047044614B9F0
:1045A0000120BDE8F087207800F00100002870D0DD
:1045B000FA48006800F03808F8481830D0F8009041
:1045C000B8F1100F06D0B8F1180F0FD109F00300A1
:1045D00002280BD1F14810380068C0F34040002891
:1045E0006AD06068002867D10120DAE700BF606800
:1045F000B0F5803F08D1E9481038006840F48030B9
:10460000E649103908602EE0606868B9E348103860
:10461000006820F48030E1491039086008460068DD
:1046200020F4802008601EE06068B0F5A02F0DD156
:10463000DA481038006840F48020D8491039086002
:104640000846006840F4803008600CE0D348103819
:10465000006820F48030D1491039086008460068AD
:1046600020F48020086000BF606898B1FDF7DCF995
:10467000054606E0FDF7D8F9401B642801D9032060
:104680008FE7C64810380068C0F340400028F1D0DA
:1046900012E012E0FDF7C8F9054606E0FDF7C4F99F
:1046A000401B642801D903207BE7BC481038006810
:1046B000C0F340400028F1D100BF207800F0020094
:1046C000022874D1B548006800F03808B3481830A3
:1046D000D0F80090B8F1000F05D0B8F1180F56D1FE
:1046E00009F00300D0BBAD4810380068C0F380006B
:1046F00018B1E06808B9012053E7A84810380068ED
:1047000020F01900E1680843A44910390860FDF75A
:104710008BF9054606E0FDF787F9401B022801D911
:1047200003203EE79D4810380068C0F38000002851
:10473000F1D000BFFDF772F941F2030188421AD8A7
:10474000206940280BD195480C38006820F47C3053
:1047500040F4003091490C39086017E017E08F48A9
:104760000C38006820F47C30216940EA01308B4924
:104770000C3908600AE089480C38006820F0FE40D7
:10478000217C40EA016085490C39086066E0E068F8
:1047900088B382481038006820F01900E1680843A7
:1047A0007E4910390860FDF73FF9054607E056E0FD
:1047B000FDF73AF9401B022801D90320F1E67748BA
:1047C00010380068C0F380000028F1D000BFFDF76A
:1047D00025F941F2030188421AD8206940280BD1FB
:1047E0006E480C38006820F47C3040F400306B498F
:1047F0000C39086017E017E068480C38006820F4AE
:104800007C30216940EA013064490C3908600AE0D3
:1048100062480C38006820F0FE40217C40EA0160CC
:104820005E490C39086019E05C481038006820F0D7
:1048300001005A4910390860FDF7F6F8054606E010
:10484000FDF7F2F8401B022801D90320A9E65348DE
:1048500010380068C0F380000028F1D100BF207834
:1048600000F0100010287CD14C48006800F0380897
:104870004A481830D0F80090B8F1080F06D0B8F1C7
:10488000180F3DD109F00300012839D143481038F1
:104890000068C0F3002020B1E069802801D0012029
:1048A0007FE600BFFDF7BAF841F2030188421AD84B
:1048B000206A20280AD139480C38006820F0F840D6
:1048C00040F0804035490C39086018E033480C3816
:1048D000006820F0F84094F8201040EA81602F49E9
:1048E0000C3908600BE02D48001F006820F07C5058
:1048F00094F8201040EA01602849091F086066E02A
:10490000E06978B325481038006840F080002349FA
:1049100010390860FDF788F8054606E0FDF784F8D1
:10492000401B022801D903203BE61C4810380068D0
:10493000C0F300200028F1D000BFFDF76FF841F26E
:10494000030188421CD8206A20280CD113480C3857
:10495000006820F0F84040F0804010490C390860B1
:104960001AE035E01CE00D480C38006820F0F840F3
:1049700094F8201040EA816008490C3908600BE087
:104980000648001F006820F07C5094F8201040EA90
:1049900001600249091F086019E000001044025834
:1049A000FA48006820F08000F8490860FDF73CF8FC
:1049B000054606E0FDF738F8401B022801D9032020
:1049C000EFE5F2480068C0F300200028F2D100BFF4
:1049D000207800F00800082836D16069D0B1EB4893
:1049E0007430006840F00100E84974310860FDF758
:1049F0001BF8054606E0FDF717F8401B022801D911
:104A00000320CEE5E14874300068C0F34000002880
:104A1000F1D019E0DD487430006820F00100DB4976
:104A200074310860FDF700F8054606E0FCF7FCFF6E
:104A3000401B022801D90320B3E5D4487430006834
:104A4000C0F340000028F1D1207800F02000202899
:104A500030D1A069B8B1CD48006840F48050CB494E
:104A60000860FCF7E1FF054606E0FCF7DDFF401BB0
:104A7000022801D9032094E5C4480068C0F34030FF
:104A80000028F2D016E0C148006820F48050BF49E9
:104A90000860FCF7C9FF054606E0FCF7C5FF401BB0
:104AA000022801D903207CE5B8480068C0F34030F3
:104AB0000028F2D1207800F0040004287DD1B44809
:104AC000006840F48070B2490860FCF7ADFF05460D
:104AD00006E0FCF7A9FF401B642801D9032060E52C
:104AE000AB48006800F480700028F2D000BFA068D6
:104AF000012808D1A5487030006840F00100A349A2
:104B0000703108602DE0A06868B9A0487030006876
:104B100020F001009D49703108600846006820F0CF
:104B2000040008601DE0A06805280DD1974870308A
:104B3000006840F00400954970310860084600683C
:104B400040F0010008600CE090487030006820F0F0
:104B500001008E49703108600846006820F00400AA
:104B6000086000BFA068A0B1FCF75EFF054608E042
:104B7000FCF75AFF401B41F28831884201D90320DB
:104B80000FE5824870300068C0F340000028EFD085
:104B900013E0FCF749FF054608E0FCF745FF401B22
:104BA00041F28831884201D90320FAE47748703015
:104BB0000068C0F340000028EFD1606A00287DD073
:104BC00072481030006800F03800182877D0606A0A
:104BD000022875D16D48006820F080706B4908602C
:104BE000FCF722FF054606E0FCF71EFF401B0228EB
:104BF00001D90320D5E465480068C0F3406000286F
:104C0000F2D100BFD4E90A1041EA00105F4928310F
:104C1000096840F2F332914308435C492831086047
:104C2000208E401EC0F30800616B491E4FF47E4287
:104C300002EA41210843218F491ED20102EA0141C3
:104C400008433C21095D491E120202EA0161084342
:104C50004E493031086000BF081F006820F0010095
:104C6000091F08604948343000684FF6F8718843DE
:104C7000A16C40EAC10045493431086043482C30FA
:104C8000006820F00C00216C084340492C3108607A
:104C90000846006820F00200616C08433B492C3153
:104CA00008600846006840F48030086008460068E4
:104CB00040F4003008600846006802E06AE038E02E
:104CC0001FE040F4802008600846006840F00100C2
:104CD00008602E48006840F080702C490860FCF79E
:104CE000A3FE054606E0FCF79FFE401B022801D903
:104CF000032056E425480068C0F340600028F2D045
:104D000048E02248006820F0807020490860FCF7E5
:104D10008BFE054606E0FCF787FE401B022801D902
:104D200003203EE419480068C0F340600028F2D137
:104D300030E0164828300768144830300668606A4A
:104D4000012821D007F00301A06A81421CD1C7F3DA
:104D50000511E06A884217D1C6F30801206B401E96
:104D6000814211D1606B401EC6F3462188420BD1AF
:104D7000A06B401EC6F30641884205D1E06B401E81
:104D8000C6F30661884205D001200AE400440258B7
:104D900000480258002004E470B504460D460CB9E2
:104DA000012070BD94F82C0028B9002084F82D0053
:104DB000204600F019F8022084F82C00211D2068FC
:104DC000FCF739F82946D4E90002FCF787F80548D2
:104DD000006840F0004003490860012084F82C007E
:104DE0000020DEE70040005210B586B0044600BF48
:104DF0003E48006840F480503C490860084600681E
:104E000000F48050009000BF00BF00BF37480C3056
:104E1000006840F0040035490C310860084600681D
:104E200000F00400009000BF00BF00BF084600680B
:104E300040F0080008600846006800F00800009094
:104E400000BF00BF00BF0846006840F010000860C7
:104E50000846006800F01000009000BF00BF00BFCF
:104E60000846006840F0200008600846006800F02E
:104E70002000009000BF00BF00BF0846006840F05F
:104E8000400008600846006800F04000009000BF45
:104E900000BF0D200190022002900120039003200A
:104EA00004900C20059001A91148FCF7ABFC4CF2D2
:104EB0000370019001A90F48FCF7A4FC4FF6837022
:104EC000019001A90C48FCF79DFC4FF63F000190B2
:104ED00001A90A48FCF796FC48F23710019001A995
:104EE0000748FCF78FFC06B010BD0000D444025800
:104EF00000080258000C0258001002580014025812
:104F00000018025870B504460D4694F82C0002288B
:104F100000D170BD94F82C0001280AD1022084F839
:104F20002C0029462068FBF7BCFF012084F82C00E8
:104F300001E00120EDE70020EBE72DE9F041044618
:104F40000E46174694F82C50022D02D10220BDE8DF
:104F5000F081012D01D0052D12D1022084F82C0002
:104F60003A4631462068FBF7A6FF3068022803D195
:104F7000052084F82C0005E0012084F82C0001E0D5
:104F80000120E4E70020E2E72DE9F04188B0044683
:104F90000F460025A846032084F83000A06B0328A4
:104FA00020D0B7F5004F04D1606B40F080506063B3
:104FB0001CE0B7F5804F07D1204602F04BFD0646B6
:104FC000606B3043606311E03FB9204602F00EFD94
:104FD0000646606B3043606308E0606B40F0006041
:104FE000606303E0606B40F080506063606B28B1E9
:104FF0004248216888634FF0010868E04FF4803030
:10500000FDF77EFE0546002D5BD060680390A0682A
:1050100004900597206906903948B5FBF0F1606966
:10502000814202D86069079041E0A06DB0F5007F31
:1050300002D1606907903AE0A06DB0F5807F1BD186
:10504000606950B92E48854204D94000B5FBF0F0A4
:1050500007902CE06069079029E060694000B5FB8B
:10506000F0F02749884204D94800B5FBF0F00790DA
:105070001DE0606907901AE0606950B921488542D7
:1050800004D94000B5FBF0F0079010E0606907908C
:105090000DE060694000B5FBF0F01A49884204D980
:1050A0004800B5FBF0F0079001E060690790DDE98A
:1050B0000601CDE90001206803A90EC902F016FA25
:1050C00005E0606B40F0006060634FF001084FF452
:1050D0000071206801F023FE06463EB107482168B2
:1050E0008863606B304360634FF00108012084F8EF
:1050F0003000404608B0BDE8F0810000FF0FE01F1F
:1051000080F0FA0240787D0110B50246D06D800F24
:105110000870D06DC0F383604870D06DC0F301603B
:105120008870D06D000CC870B2F85C00000A08717D
:1051300092F85C004871106E000DC880106EC0F3CC
:10514000034008726020805AC0F3C030487260206B
:10515000805AC0F3803088726020805AC0F340309B
:10516000C8726020805AC0F3003008730020487372
:10517000906B002836D16020805A8005030D506E58
:1051800043EA90700861506EC0F3C2600875506EBB
:10519000C0F302604875506EC0F342508875506E7F
:1051A000C0F38240C875506EC0F3C23008760869FB
:1051B000401C90640B7E906C03F007039B1C012441
:1051C0009C4060439064087A00F00F0301209840EF
:1051D000D064D2E912035B0A584310654FF40073A0
:1051E000536521E0906B012813D16020805C80061C
:1051F000830A506E43EA104008610869401C83022C
:105200009364936C13654FF40073D364D36C53654C
:105210000AE02E4813689863506B40F0805050634A
:10522000012082F8300010BD6420805AC0F3803025
:1052300001F8190F6420805AC0F3C610487064202A
:10524000805C00F07F008870906EC00FC870906E18
:10525000C0F341700871906EC0F382604871906E27
:10526000C0F383508871906EC0F34050C871002025
:105270000872906EC0F3004048726820805AC0F3F4
:10528000C03088726820805AC0F38030C8726820AD
:10529000805AC0F3403008736820805AC0F3003051
:1052A00048736820805AC0F3812088736820805A30
:1052B000C0F30120C8736820805CC0F34600087406
:1052C0000120487419390020ADE70000FF0FE01FEE
:1052D0000246906B0860D06B4860106C8860506C20
:1052E000C860906C0861D06C4861106D8861506D29
:1052F000C86100207047F8B5044600200090694658
:10530000204602F05BFB054615B1606B28436063E5
:105310000098C0F343263046F8BD0000F0B591B0C8
:1053200005460C46002795F83000032802D10120DD
:1053300011B0F0BD01A9284602F0A6FA064656B102
:105340002F4829688863686B30436863012085F8BB
:105350003000012743E00198C0F3811020700198CC
:10536000C0F340106070019800F47F00000A0199BA
:1053700040EA1160608002980006029901F47F41C2
:1053800040EA0120029901F47F0140EA11200299CC
:1053900040EA11606060039820720398000A60720E
:1053A0000398C0F30350A0720498C0B2039901F0AF
:1053B0007F4140EA1140A0810498C0F38520A0738A
:1053C0000498C0F30120E0730498C0F30310207424
:1053D000049800F00F0060740598000EA0744FF45C
:1053E0000071286801F09BFC06463EB1044829681C
:1053F00088636E63012085F830000127384697E7FF
:10540000FF0FE01FF0B585B0044614B9012005B0C8
:10541000F0BD94F8300020B900202076204600F03E
:10542000B1F8042084F83000204600F045F808B1B7
:105430000120ECE769462046FFF770FF08B1012024
:10544000E5E79DF810609DF81170A06B012805D16B
:1054500006B91FB14FF40071A16507E0A06B0128E8
:1054600002D10102A16501E00021A1652046E168A9
:10547000FFF78AFD08B10120C9E7FCF7D5FA054618
:105480000CE0FCF7D1FA401B401C38B94FF000404B
:105490006063012084F830000320B8E72046FFF75E
:1054A0002AFF0428EDD100206063E062012084F827
:1054B00030000020ABE70000F0B587B004460026BE
:1054C000002002900390049005904FF48030FDF787
:1054D00017FC06463EB9012084F83000C006606320
:1054E000012007B0F0BD2448B6FBF0F00690DDE9DE
:1054F0000501CDE90001206802A90EC901F0F6FFFF
:10550000206802F00DF806984000B6FBF0F61B4844
:10551000B0FBF6F0471C3846FCF764F9204602F071
:105520004DF905463DB1012084F83000606B2843F9
:1055300060630120D5E7204602F0BAF805463DB188
:10554000012084F83000606B284360630120C8E7C5
:105550004FF40071206801F0E2FB05464DB10848A8
:1055600021688863606B28436063012084F8300001
:10557000B7E70020B5E7000000350C00102101005E
:10558000FF0FE01F10B586B00446524920688842DC
:105590007ED100BF5048006840F480304E4908601A
:1055A0000846006800F48030009000BF00BF00BFD4
:1055B00000BF49480C30006840F0040046490C31F7
:1055C00008600846006800F00400009000BF00BFBB
:1055D00000BF00BF00BF0846006840F0040008603C
:1055E0000846006800F00400009000BF00BF00BF44
:1055F00000BF00BF0846006840F00400086008468D
:10560000006800F00400009000BF00BF00BF00BFB2
:1056100000BF0846006840F00400086008460068C3
:1056200000F00400009000BF00BF00BF00BF00BF3B
:105630000846006840F0040008600846006800F072
:105640000400009000BF00BF00BF00BF00BF0846BD
:10565000006840F0080008600846006800F0080094
:10566000009000BF00BF00BF4FF480700190022087
:10567000029001200390022004900C20059001A9C3
:105680001648FCF7BFF84FF40070019001A900E044
:105690001EE01248FCF7B6F84FF48060019001A9B3
:1056A0000E48FCF7AFF84FF40060019001A90B48D9
:1056B000FCF7A8F84FF48050019001A90748FCF7C7
:1056C000A1F80420019001A90548FCF79BF800BF50
:1056D00006B010BD00700052D444025800080258B1
:1056E000000C02582DE9FF4F89B0044689469846C0
:1056F000FCF79AF90290DDF82CB04D46B9F1000F95
:1057000007D1606B40F00060606301200DB0BDE820
:10571000F08F94F8300001287ED1002060630BEBFD
:105720000801206D814205D9606B40F00070606314
:105730000120EBE7032084F8300000202168C862D4
:10574000A06B012801D04FEA4B2B4FF0FF300390A4
:105750004FEA4820049090200590022006900020F7
:105760000790089003A9206801F0AAFC2068C0688F
:1057700040F040002168C860B8F1010F07D902204D
:10578000E0625946206801F033FB064606E001203E
:10579000E0625946206801F048FB064666B15D4864
:1057A00021688863606B30436063012084F83000B7
:1057B0000020E0620120A9E7DDF810A03AE02068AF
:1057C000406B00F40040E0B1BAF1200F19D3002083
:1057D000019011E0206801F0AAFE07462F706D1CB1
:1057E000380A28706D1C380C28706D1C380E287013
:1057F0006D1C0198401C019001980828EAD3AAF179
:10580000200AFCF711F90299411A1698814201D237
:10581000169878B93F4800E076E021688863606BAD
:1058200040F000406063012084F830000020E06216
:1058300003206BE72068406B00F495700028BED011
:105840002068C06820F040002168C8602068406B74
:1058500000F48070B8B1B8F1010F14D9A06B03281F
:1058600011D0206801F0C4FB064666B129482168C2
:105870008863606B30436063012084F8300000204F
:10588000E062012042E72068406B00F0080068B148
:10589000204821688863606B40F008006063012045
:1058A00084F830000020E06201202FE72068406B80
:1058B00000F0020068B1174821688863606B40F00F
:1058C00002006063012084F830000020E0620120C3
:1058D0001CE72068406B00F0200068B10D4821688B
:1058E0008863606B40F020006063012084F8300022
:1058F0000020E062012009E7074821688863012051
:1059000084F83000002001E7606B40F000506063D5
:105910000120FBE6FF0FE01F3A0F00182DE9F04FC2
:1059200089B00446884693461F46FCF77DF80290EE
:10593000DA464546B8F1000F07D1606B40F00060D1
:105940006063012009B0BDE8F08F94F830000128B1
:105950007ED1002060630AEB0701206D814205D9EA
:10596000606B40F0007060630120EBE7032084F877
:10597000300000202168C862A06B012801D04FEAE6
:105980004A2A4FF0FF30039078020490902005904F
:10599000002006900790089003A9206801F090FB72
:1059A0002068C06840F040002168C860012F07D916
:1059B0002020E0625146206801F048FB064606E0E0
:1059C0001020E0625146206801F05DFB064666B19A
:1059D000614821688863606B30436063012084F80C
:1059E00030000020E0620120ACE7DDF8109043E0D9
:1059F0002068406B00F4804030B3B9F1200F23D30E
:105A0000002001901BE0287800906D1C28780099F8
:105A100041EA002000906D1C2878009941EA00407E
:105A200000906D1C2878009941EA006000906D1C80
:105A30006946206801F096FD0198401C019001988C
:105A40000828E0D3A9F12009FBF7EEFF029900E056
:105A50007BE0411A1298814201D2129860B93E4807
:105A600021688863606B30436063012084F83000F4
:105A70000020E062032065E72068406B00F48D7031
:105A80000028B5D02068C06820F040002168C860B8
:105A90002068406B00F48070B0B1012F14D9A06B66
:105AA000032811D0206801F0A3FA064666B12A48FF
:105AB00021688863606B30436063012084F83000A4
:105AC0000020E06201203DE72068406B00F0080004
:105AD00068B1214821688863606B40F0080060630A
:105AE000012084F830000020E06201202AE72068CD
:105AF000406B00F0020068B1174821688863606B52
:105B000040F002006063012084F830000020E06271
:105B1000012017E72068406B00F0100068B10E48C4
:105B200021688863606B40F010006063012084F896
:105B300030000020E062012004E708482168886303
:105B4000012084F830000020FCE6606B40F000503B
:105B500060630120F6E60000FF0FE01F3A0F001817
:105B600070B504460E4615460CB9012070BD94F878
:105B7000450028B9002084F84400204600F028F8A9
:105B800004F108012068FBF7D1F83146A2682068CB
:105B9000FBF71EF92946E36AD4E90102FBF7A4F8F2
:105BA000A168206850F8210040F00100A268216837
:105BB00041F822000548006840F0004003490860B1
:105BC000012084F845000020D0E70000004000528A
:105BD00010B586B0044600BF2048006840F48050ED
:105BE0001E4908600846006800F48050009000BF1D
:105BF00000BF00BF19480C30006840F0080017498A
:105C00000C3108600846006800F00800009000BFF2
:105C100000BF00BF0846006840F01000086008465A
:105C2000006800F01000009000BF00BF4EF2B3709B
:105C300001900220029001200390022004900C2089
:105C4000059001A90648FBF7DDFD4FF68070019035
:105C500001A90448FBF7D6FD06B010BDD444025894
:105C6000000C02580010025870B504462546681E04
:105C7000B0F1807F01D301200FE0681E4FF0E021DA
:105C800048610F214FF0FF3002F0E0FF00204FF09D
:105C9000E021886107200861002070BD10B504462E
:105CA0000CB9012010BD94F83D0028B9002084F8FB
:105CB0003C00204600F029F8022084F83D00211D18
:105CC000206801F0A1FF012084F8480000BF84F89B
:105CD0003E0001213F200155402001554120015542
:105CE000422001554320015500BF00BF012084F828
:105CF000440045200155462001554720015500BF6D
:105D0000012084F83D000020CCE77047014691F85F
:105D10003D00012801D001207047022081F83D009C
:105D20000868C06840F001000B68D8601C4B086828
:105D300098421BD00868B0F1804F17D0194B086803
:105D4000984213D0184B086898420FD0174B086838
:105D500098420BD0164B0868984207D0154B08683C
:105D6000984203D0144B0868984210D108688068A4
:105D7000124B00EA0302062A0FD0B2F5803F0CD086
:105D80000868006840F001000B68186005E00868CA
:105D9000006840F001000B6818600020BCE70000BC
:105DA000000001400004004000080040000C0040DA
:105DB00000040140001800400040014007000100BD
:105DC0007047704770477047704700002DE9F047F3
:105DD00004462068C569206806682068876840F620
:105DE0000F0005EA0009B9F1000F0FD105F02000FE
:105DF00060B106F0200010B907F0805030B1206F7C
:105E000010B12046216F8847BDE8F087B9F1000F37
:105E10007ED0F948384018B9F84830400028F7D00B
:105E200005F0010058B106F4807040B101202168EE
:105E30000862D4F88C0040F00100C4F88C0005F032
:105E4000020058B107F0010040B102202168086249
:105E5000D4F88C0040F00400C4F88C0005F0040075
:105E600058B107F0010040B1042021680862D4F85D
:105E70008C0040F00200C4F88C0005F0080070B1FE
:105E800006F0200010B9DC48384040B108202168F5
:105E90000862D4F88C0040F00800C4F88C0005F4C7
:105EA000006060B106F0806048B14FF40060216886
:105EB0000862D4F88C0040F02000C4F88C00D4F8BC
:105EC0008C0000284ED005F0200050B106F02000D4
:105ED00010B907F0805020B1206F10B12046216F1B
:105EE0008847D4F88CA02068806800F040004028E3
:105EF00002D00AF0280070B3204601F0AFFF2068FE
:105F0000806800F04000402821D100BF00BF00E0C1
:105F100029E02168083151E8001F21F04000216884
:105F2000083141E80002002AF1D100BFE06F50B112
:105F3000B348E16F0865E06FFBF788FA90B1E06F56
:105F4000016D88470EE02046FFF73EFF0AE020463D
:105F5000FFF73AFF06E0FFE72046FFF735FF002096
:105F6000C4F88C0050E7E06E012872D105F01000F3
:105F700000286ED006F010000028FAD0102021680A
:105F800008622068806800F0400040287ED1E06F01
:105F900000689C49884258D0E06F006899491831E0
:105FA000884252D0E06F00689649303188424CD028
:105FB000E06F006893494831884246D0E06F00683E
:105FC00090496031884240D0E06F00688D49783157
:105FD00088423AD0E06F00688A499031884234D0D4
:105FE000E06F00688749A83188422ED0E06F0068D2
:105FF0008549884229D0E06F00688349183188427A
:1060000023D0E06F00688049303188421DD0E06FB6
:1060100000687D494831884217D0E06F00687A49AE
:106020006031884211D0E06F00687749783188424A
:106030000BD0E06F006874499031884205D0E06F62
:1060400000687149A831884204D1E06F0068406857
:1060500003E0A0E0E06F006840681FFA80F8B8F144
:10606000000F55D0B4F85C00404551DDA4F85E80C7
:10607000E06FC069B0F5807F41D000BF00BF2168EC
:1060800051E8001F21F48070226800E041E042E8FE
:1060900000010029F3D100BF00BF00BF2168083113
:1060A00051E8001F21F001002168083141E8000299
:1060B000002AF3D100BF00BF00BF2168083151E8BA
:1060C000001F21F040002168083141E80002002A49
:1060D000F3D100BF2020C4F888000020E06600BF94
:1060E00000BF216851E8001F21F01000226842E83B
:1060F00000010029F5D100BFE06FFAF739FFB4F8CD
:106100005C00B4F85E20801A81B22046FFF758FE8A
:106110007AE634F85C0F6188401A1FFA80F86088CC
:106120005C3CB8B3B8F1000F34D000BF00BF2168A9
:1061300051E8001F21F49070226842E80001002914
:10614000F5D100BF00BF00BF2168083151E8001F32
:10615000294AD24301EA02002168083141E80002DD
:10616000002AF1D100BF2020C4F888000020E0669A
:10617000206700BF00BF216851E8001F21F0100018
:10618000226842E800010029F5D100BF41462046BF
:10619000FFF716FE38E605F4801050B107F48000D2
:1061A00038B14FF48010216808622046FFF70BFEDB
:1061B0002AE605F0800058B106F0800010B907F417
:1061C000000028B1606F10B12046616F88471BE660
:1061D00005F0400030B106F0400018B1204601F053
:1061E00073FE11E605F4000080B106F0804068B14E
:1061F0002046FFF7E7FD07E601000010200100043C
:10620000437E0008100002401004024005F0807038
:1062100030B106F0004018B12046FFF7D2FDF3E59B
:1062200000BFF1E510B504460CB9012010BDA0690E
:1062300000B100E000BFD4F8840028B9002084F841
:106240008000204600F02AF82420C4F8840020684A
:10625000006820F0010021680860204602F0E6F89E
:10626000012800D1E2E7A06A10B1204601F032FD1A
:106270002068406820F49040216848602068806869
:1062800020F02A00216888602068006840F0010042
:1062900021680860204601F099FDC7E710B586B077
:1062A00004462B492068884250D100BF00BF2948CE
:1062B000006840F01000274908600846006800F0B8
:1062C0001000009000BF00BF00BF00BF00BF21480A
:1062D0001038006840F001001E4910390860084677
:1062E000006800F00100009000BF00BF00BF00BFC9
:1062F00000BF0846006840F00100086008460068DA
:1063000000F00100009000BF00BF00BF4FF400701C
:1063100001900220029001200390022004900720A7
:10632000059001A90C48FBF76DFA4FF480600190CD
:106330000720059001A90848FBF764FA2520FBF720
:10634000DDFE032211462520FBF7ECFE06B010BD52
:1063500000100140F04402580000025870B5044695
:106360000D461646D4F8880020282CD105B10EB968
:10637000012070BD00BF94F88000012801D10220E7
:10638000F7E7012084F8800000BF0020E0660F4995
:106390002068884211D02068406800F4000060B195
:1063A00000BF00BF216851E8001F41F080602268F3
:1063B00042E800010029F5D100BF324629462046B7
:1063C00002F0FAFAD5E70220D3E70000000C0058EB
:1063D00070B5054626492868884247D12548047883
:1063E00025480078052836D2DFE800F00309192295
:1063F0002800AA2C02D101201F4908702FE0552C3B
:1064000003D102201C49087008E0AA2C03D1012006
:106410001949087002E00020174908701FE01CB9F4
:1064200003201549087002E000201349087016E0A7
:106430001248047004201049087010E0FB2C06D1AB
:106440000E4800780E49087001200E49087000209F
:106450000949087003E000200749087000BF00BF29
:10646000012204490848FFF779FF00BF70BD000012
:10647000001001401600002417000024180000241A
:106480000000002401000024B0020024704700BF77
:10649000FEE7000010B51948406B00F0400068B1FD
:1064A0001748006880471548006B20F040001349EA
:1064B00008630846806B40F0400088630F48406BDB
:1064C00000F02000C8B108F035F80E480068804799
:1064D0000A48806B40F02000084988630A48006839
:1064E00020F001004FF0A441C1F8CC010846D0F8DB
:1064F0000C0220F00100C1F80C0210BD0030005267
:106500004C00002448000024CC010052F0B58E88D5
:106510000768FF68C7F30B473E44330406688436B8
:10652000802707FB0266766806F4704706688436A3
:106530004FF0800C0CFB026677600E680768FF68FE
:10654000C7F30B473E44761C1E43076884370CFB99
:1065500002777E608E890768FF68C7F30A073E44AA
:10656000330406688436802707FB0266B66806F4A3
:106570007047066884360CFB0266B7608E68076851
:10658000FF68C7F30A073E44761C46EA030706681D
:1065900084360CFB0266B76006688436802707FBEA
:1065A0000266366926F00707066884360CFB026629
:1065B00037610F69066884360CFB02663761312645
:1065C000765C33023226765C34040E7E350606682D
:1065D0008436802707FB0266B66900270668843682
:1065E0000CFB0266B76191F830601E43264346EA11
:1065F0000507066884360CFB0266B76106688436B8
:10660000802707FB0266766926F0FF070668843656
:106610000CFB026677614F69066884360CFB0266E4
:10662000776106688436802707FB0266F66940F2C8
:106630000777BE43076884370CFB0277FE61D1E918
:1066400007763743066884360CFB0266F7610668F6
:106650008436802707FB0266B66A00270668843600
:106660000CFB0266B7624F6A066884360CFB026652
:10667000B7620E690EB9042313E00E69012E01D131
:1066800003230EE00E69042E08D00E69022E05D0F9
:106690000E69032E02D00E69072E01D1022300E0FD
:1066A000012306688436802707FB0266F66A06F037
:1066B000E027066884364FF0800C0CFB0266F76218
:1066C000D1E90076F61B5E43F61D0F8D5F4346EA67
:1066D0000747066884360CFB0266F7620668843654
:1066E000802707FB0266366BF70AFF0206688436CE
:1066F0000CFB02663763CF6A066884360CFB0266C1
:10670000376306688436D701F65946F001070668F4
:1067100084364FEAC21C46F80C70F0BD10B51E4816
:10672000006800F00200B8B11B48001D006840F08E
:1067300002004FF0A441C1F804021848006B20F099
:106740007E00164908631648006880471348006BAE
:1067500040F06000114908630F484038006800F0BD
:106760000200B8B10C483C38006840F002004FF01D
:10677000A441C1F8C4010948006B20F07E0007491C
:1067800008630848006880470448006B40F06000D8
:106790000249086310BD00000002005200300052A0
:1067A000400000244400002400BFFEE700BFFEE7D5
:1067B000704710B54B6A33B1B2F1406F03D08B6AAA
:1067C0005B1E046823618B69002B76D00B6AE3B3F0
:1067D0008B680468E361CB69FBB1D1E90B342343D7
:1067E0004C6B23434C6A23438C8A43EA84430C69F1
:1067F00023430C6A2343CC682343CC6923438C692D
:1068000023430C682343134304686361B2F1406F70
:1068100002D04B680468A361BEE0D1E90B34234386
:106820004C6B23434C6A23438C8A43EA84430C69B0
:1068300023430C6A2343CC6923438C6923430C68AC
:106840002343134304686361A6E0FFE7CB69EBB120
:10685000D1E90B3423434C6B23434C6A23438C8A8A
:1068600043EA84430C6A2343CC682343CC69234323
:106870008C6923430C682343134304686361B2F1BA
:10688000406FC9D04B680468A36185E0D1E90B343F
:1068900023434C6B23434C6A23438C8A43EA84434F
:1068A0000C6A2343CC6923438C6923430C6823433C
:1068B0001343046863616FE0FFE70B6AC3B38B683F
:1068C0000468E361CB69EBB1D1E90B3423434C6B32
:1068D00023434C6A23438C8A43EA84430C69234351
:1068E0000C6A2343CC682343CC6923438C6923433C
:1068F000134304686361B2F1406F4DD04B68046884
:10690000A36149E0D1E90B3423434C6B23434C6A28
:1069100023438C8A43EA84430C6923430C6A234350
:10692000CC6923438C69234313430468636133E0D8
:10693000FFE7CB69DBB1D1E90B3423434C6B234335
:106940004C6A23438C8A43EA84430C6A2343CC6811
:106950002343CC6923438C69234313430468636155
:10696000B2F1406F18D04B680468A36114E04B6A21
:1069700093B1D1E90B3423434C6B23434C6A23433B
:106980008C8A43EA84430C6A2343CC6923438C6991
:10699000234313430468636110BD2DE9F0410446AD
:1069A0000E4617469846069D12E0681C80B1FBF71C
:1069B0003BF8A0EB0800A84200D84DB9042084F8A9
:1069C0004100606C40F0010060640120BDE8F0818E
:1069D00020688068304008B1012000E00020B84203
:1069E000E3D10020F2E700002DE9F04104460E4615
:1069F00000275548006800F00300032802D1012059
:106A0000BDE8F08150482838006820F080604E4989
:106A100028390860FBF708F8054606E0FBF704F89C
:106A2000401B022801D90320EAE7474828380068BC
:106A3000C0F3C0600028F1D100BF4348006820F4D3
:106A40007C30216840EA01303F490860A088401E40
:106A5000C0F30800A168491E4FF47E4202EA4121BA
:106A60000843A189491ED20102EA01410843217C61
:106A7000491E120202EA01610843334910310860DD
:106A800000BF3148001D006820F0C0006169084364
:106A90002D49091D08600846006820F02000A16902
:106AA00008432949091D08600846006820F01000C5
:106AB00008602548143000684FF6F8718843E16992
:106AC00040EAC1002049143108601F48001D0068D9
:106AD00040F010001C49091D08602EB908460068E6
:106AE00040F40020086012E0012E08D11648001D75
:106AF000006840F480101449091D086007E012483E
:106B0000001D006840F400100F49091D08600E4880
:106B10002838006840F080600B4928390860FAF78F
:106B200083FF054606E0FAF77FFF401B022801D9E4
:106B3000032065E7044828380068C0F3C0600028D7
:106B4000F1D038465CE70000284402582DE9F041B6
:106B500004460E4600275548006800F0030003284D
:106B600002D10120BDE8F08150482838006820F0AB
:106B700080504E4928390860FAF756FF054606E06E
:106B8000FAF752FF401B022801D90320EAE74748E1
:106B900028380068C0F340700028F1D100BF434896
:106BA000006820F07C70218840EA01503F4908606D
:106BB000A088401EC0F30800A168491E4FF47E4221
:106BC00002EA41210843A189491ED20102EA01419A
:106BD0000843217C491E120202EA0161084333493D
:106BE0001831086000BF3148001D006820F4406083
:106BF000616908432D49091D08600846006820F4B2
:106C00000070A16908432949091D08600846006809
:106C100020F48070086025481C3000684FF6F87139
:106C20008843E16940EAC10020491C3108601F48DF
:106C3000001D006840F480701C49091D08602EB9D1
:106C40000846006840F48000086012E0012E08D178
:106C50001648001D006840F400001449091D086032
:106C600007E01248001D006840F080700F49091DC0
:106C700008600E482838006840F080500B492839D9
:106C80000860FAF7D1FE054606E0FAF7CDFE401B94
:106C9000022801D9032065E7044828380068C0F3BA
:106CA00040700028F1D038465CE7000028440258C4
:106CB00070B585B005460C460094372001904FF41E
:106CC00080700290002003904FF480500490694639
:106CD000284600F031FC41F288323721284600F086
:106CE00027FA0646304605B070BD70B585B005463A
:106CF0000C460094292001904FF4807002900020EF
:106D000003904FF4805004906946284600F014FC2C
:106D1000284600F019FB0646304605B070BD70B538
:106D200085B005460C4600941020019000010290A9
:106D3000002003904FF4805004906946284600F0EC
:106D4000FBFB41F288321021284600F0F1F906469B
:106D5000304605B070BD70B585B005460C46009450
:106D6000062001904FF480700290002003904FF4B1
:106D7000805004906946284600F0DEFB41F28832DC
:106D80000621284600F0D4F90646304605B070BD0D
:106D900030B585B004460020009001900290039029
:106DA0004FF4805004906946204600F0C5FB204611
:106DB00000F09CF90546284605B030BD30B585B0D9
:106DC00004464FF4D57000900820019040010290D5
:106DD000002003904FF4805004906946204600F054
:106DE000ABFB204600F03CFB0546284605B030BD15
:106DF00070B585B005460C460094122001904FF402
:106E000080700290002003904FF4805004906946F7
:106E1000284600F091FB41F288321221284600F00A
:106E200087F90646304605B070BD70B585B0054699
:106E30000C460094112001904FF4807002900020C5
:106E400003904FF4805004906946284600F074FB8C
:106E500041F288321121284600F06AF90646304690
:106E600005B070BD70B585B005460C46009407208E
:106E700001904FF480700290002003904FF48050F6
:106E800004906946284600F057FB41F288320721FA
:106E9000284600F04DF90646304605B070BD30B5C5
:106EA00085B0044600200090022001904FF440700D
:106EB0000290002003904FF48050049069462046D1
:106EC00000F03AFB204600F00BFA0546284605B0D4
:106ED00030BD70B585B005460C4600940920019080
:106EE0004FF440700290002003904FF480500490C3
:106EF0006946284600F020FB284600F0F1F90646D6
:106F0000304605B070BD30B585B004460020009015
:106F1000332001904FF480700290002003904FF4D2
:106F2000805004906946204600F006FB41F288320A
:106F30003321204600F0FCF80546284605B030BD58
:106F400070B585B005460C4600940D2001904FF4B5
:106F500080700290002003904FF4805004906946A6
:106F6000284600F0E9FA41F288320D21284600F067
:106F7000DFF80646304605B070BD70B585B00546F1
:106F80000C4600200090032001904FF48070029086
:106F9000002003904FF4805004906946284600F08A
:106FA000CBFA22460321284600F0FCF9064630467B
:106FB00005B070BD30B585B00446002000900D20AE
:106FC00001904FF480700290002003904FF48050A5
:106FD00004906946204600F0AFFA41F288320D2154
:106FE000204600F0A5F80546284605B030BD000053
:106FF00030B585B00446002000900C2001904FF47D
:1070000080700290002003904FF480500490E0685C
:1070100040F08000E060E06820F04000E0606946F9
:10702000204600F089FA084A0C21204600F080F83A
:107030000546E06820F08000E060B5F1007F00D1F7
:107040000025284605B030BD00E1F50570B585B0D6
:1070500005460C460094192001904FF48070029070
:10706000002003904FF4805004906946284600F0B9
:1070700063FA41F288321921284600F059F8064691
:10708000304605B070BD70B585B005460C4600941D
:10709000182001904FF480700290002003904FF46C
:1070A000805004906946284600F046FA41F2883242
:1070B0001821284600F03CF80646304605B070BD61
:1070C00010B5024600230868506248689062D1E912
:1070D000020420430C6920434C6920430343D06AD7
:1070E00020F0FF001843D062002010BD01460E487A
:1070F0000068C0084FF47A73B0FBF3F041F28833B4
:1071000000FB03F200BF101EA2F1010202D14FF0FA
:1071100000407047486B00F080000028F3D003481F
:1071200088630020F5E7000004000024C50020006B
:107130002DE9F04305460F46904666480068C008B2
:107140004FF47A71B0FBF1F000FB08F900BFB9F120
:107150000000A9F1010903D14FF00040BDE8F08320
:107160006E6B5D4830400028F1D006F400500028D6
:10717000EDD1686B00F0040010B10420A863EDE7C6
:10718000686B00F0010010B10120A863E6E75248E7
:107190008030A863284600F099F9B84201D0012058
:1071A000DCE70021284600F09AF904464B482040CD
:1071B00008B90020D2E704F00040B0F1004F02D13E
:1071C0004FF00070CAE704F08040B0F1804F01D169
:1071D0004020C3E704F00050B0F1005F01D18020EF
:1071E000BCE704F08050B0F1805F02D14FF48070B2
:1071F000B4E704F00060B0F1006F02D14FF400700A
:10720000ACE704F08060B0F1806F02D14FF4806091
:10721000A4E704F08070B0F1807F02D14FF40060E9
:107220009CE704F40000B0F5000F02D14FF4805049
:1072300094E704F48000B0F5800F02D14FF40050C1
:107240008CE704F40010B0F5001F02D14FF4804029
:1072500084E704F48010B0F5801F02D14FF40040A1
:107260007CE704F48020B0F5802F02D14FF4003089
:1072700074E704F40030B0F5003F02D14FF48020F1
:107280006CE704F48030B0F5803F02D14FF4002069
:1072900064E704F40040B0F5004F02D14FF48010D1
:1072A0005CE704F48040B0F5804F02D14FF4001049
:1072B00054E704F40050B0F5005F02D14FF48000B1
:1072C0004CE704F00800082801D1000546E74FF418
:1072D000803043E7040000244500200008E0FFFD63
:1072E00010B5014616480068C0084FF47A74B0FB28
:1072F000F4F041F2883400FB04F300BF181EA3F140
:10730000010302D14FF0004010BD4A6B02F045006E
:107310000028F3D002F400500028EFD1486B00F0B1
:10732000040010B104208863EEE7486B00F0010010
:1073300010B101208863E7E7024888630020E3E793
:1073400004000024C500200010B501461348006861
:10735000C0084FF47A74B0FBF4F041F2883400FBBB
:1073600004F300BF181EA3F1010302D14FF0004047
:1073700010BD4A6B02F045000028F3D002F4005023
:107380000028EFD1486B00F0040010B1042088639E
:10739000EEE7034888630020EAE7000004000024C9
:1073A000C50020002DE9F04304460F4690462A48C8
:1073B0000068C0084FF47A71B0FBF1F041F28831F7
:1073C00000FB01F900BFB9F10000A9F1010903D1E7
:1073D0004FF00040BDE8F083666B06F045000028E2
:1073E000F1D006F400500028EDD1606B00F00400ED
:1073F00010B10420A063EDE7606B00F0010010B154
:107400000120A063E6E7204600F060F8B84201D012
:107410000120DFE71148A0630021204600F05FF85B
:10742000054605F4604020B9280CA8F800000020AB
:10743000D0E705F48040B0F5804F02D14FF4005002
:10744000C8E705F40040B0F5004F02D14FF480507A
:10745000C0E74FF48030BDE704000024C5002000E1
:1074600010B5014618480068C0084FF47A74B0FBA4
:10747000F4F041F2883400FB04F300BF181EA3F1BE
:10748000010302D14FF0004010BD4A6B02F04500ED
:107490000028F3D002F400500028EFD1486B00F030
:1074A000040010B104208863EEE7486B00F001008F
:1074B00010B101208863E7E7486B00F0400008B195
:1074C000402088630020DFE70400002401460869AB
:1074D000C0B270470146086800F0030070470246DA
:1074E00002F1140043181868704700000FB410B57B
:1074F00004460021DDE903021043059A1043069A71
:107500001043079A104301436068044A104008433F
:107510006060002010BC5DF814FB0000002CC0FF70
:107520000146086840F003000860002070470146EB
:10753000D1F880007047000010B5024600230868AB
:107540009060D1E901042043CC6820430C692043BA
:107550000343D068024C20401843D060002010BD87
:10756000C0E0FEFF02460868C2F8800000207047B5
:107570002DE9F04389B004460F46FAF755FA8146E3
:107580004FF000080020019002903E46082120683C
:10759000FFF7C5FB05461DB1284609B0BDE8F083DD
:1075A0004422125B11042068FFF782FB05460DB1EF
:1075B0002846F2E74FF0FF30039008200490302077
:1075C000059002200690002007900120089003A952
:1075D0002068FFF775FD2068FFF795FC05460DB1A3
:1075E0002846DAE71AE02068406B00F4002060B912
:1075F000B8F1000F09D12068FFF799FF01902068CA
:10760000FFF795FF029008F10108FAF70DFAA0EBD9
:107610000900401C10B94FF00040BEE72068406BE5
:1076200040F22A5108400028DDD02068406B00F06D
:10763000080018B1082021688863AEE72068406B15
:1076400000F0020018B1022021688863A5E72068D5
:10765000406B00F0200018B12020216888639CE76F
:1076600012482168886302980006029901F47F415C
:1076700040EA0120029901F47F0140EA11200299B9
:1076800040EA11603060361D01980006019901F44E
:107690007F4140EA0120019901F47F0140EA112075
:1076A000019940EA11603060002076E73A0F001837
:1076B00070B58CB0044600200090FAF7B5F9064684
:1076C0002068FFF707FF18B94FF080600CB070BD5D
:1076D000A06B03281AD02068FFF7E1FB05460DB127
:1076E0002846F3E700212068FFF7F9FEE066042151
:1076F0002068FFF7F4FE206708212068FFF7EFFEFF
:1077000060670C212068FFF7EAFEA067A06B0328E2
:1077100015D010E069462068FFF72FFC05460DB133
:107720002846D3E7FAF780F9801B41F28831884276
:1077300001D30807CAE7BDF800000028EAD0A06B13
:10774000032820D0BDF8001061644422125B1104AC
:107750002068FFF7BEFB05460DB12846B6E70021BD
:107760002068FFF7BCFEE06504212068FFF7B7FE44
:10777000206608212068FFF7B2FE60660C212068B1
:10778000FFF7ADFEA06604212068FFF7A8FE010DFB
:10779000216401A92046FDF7B7FC10B14FF08050DD
:1077A00094E74422125B11042068FFF75BFB054657
:1077B0000DB128468AE7002088E70000F8B50446A6
:1077C00000200090002600272068FFF7E1FA054618
:1077D0000DB12846F8BD2068FFF7F0FA0546B5F16F
:1077E000004F08D10021E1632068FFF7D1FA054678
:1077F0001DB12846EEE70121E163E06B012808D1C5
:1078000000212068FFF754FA054615B14FF080506B
:10781000E0E71DE000212068FFF74AFA05460DB1B8
:107820002846D7E717492068FFF75FFA054615B1E4
:107830004FF08050CEE700212068FFF750FE06464B
:10784000012080EAD67080F001070098401C00906B
:107850004FF6FF710098884201D2002FDAD04FF620
:10786000FF710098884202D34FF08070B2E7002089
:10787000A06306F08040B0F1804F01D10120A063E9
:107880000020A7E7000010C12DE9F04387B00446AF
:107890000F46FAF7C9F880463E4600212068FFF7F8
:1078A0001EFE00F00070B0F1007F04D14FF40060C4
:1078B00007B0BDE8F08340212068FFF730FA0546A5
:1078C0001DB1606B60632846F2E74422125B11042D
:1078D0002068FFF7EDF905461DB1606B606328462F
:1078E000E6E74FF0FF3001904020029060200390C7
:1078F00002200490002005900120069001A9206834
:10790000FFF7DEFB2068FFF755FB05461DB1606BF6
:1079100060632846CCE71AE02068406B00F4004022
:1079200060B14FF0000906E02068FFF700FE30600C
:10793000361D09F10109B9F1080FF5D3FAF774F80A
:10794000A0EB0800401C10B94FF00040B0E72068E1
:10795000406B00F495700028DED02068406B00F08A
:10796000080008B10820A3E72068406B00F002007F
:1079700008B102209CE72068406B00F0200008B1AD
:10798000202095E70DE02068FFF7D1FD3060361D1F
:10799000FAF74AF8A0EB0800401C10B94FF000407D
:1079A00086E72068406B00F480500028EBD1024845
:1079B0002168886300207BE73A0F001870B5044601
:1079C0000D4615B94FF0006070BD4422125B1104E2
:1079D0002068FFF7B5FA06460EB13046F4E70021FD
:1079E0002068FFF77CFD28600020EDE77CB50446A9
:1079F00000200090019000212068FFF770FD00F04A
:107A00000070B0F1007F02D14FF400607CBD694688
:107A10002046FFF7ADFD05460DB12846F6E7019873
:107A200000F4803098B14422125B11042068FFF703
:107A30003FF905460DB12846E8E700212068FFF729
:107A40008AF905460DB12846E0E70020DEE74FF051
:107A50008060DBE77CB504460020009001900021A7
:107A60002068FFF73CFD00F00070B0F1007F02D10C
:107A70004FF400607CBD69462046FFF779FD05465E
:107A80000DB12846F6E7019800F4802098B1442211
:107A9000125B11042068FFF70BF905460DB128466B
:107AA000E8E702212068FFF756F905460DB12846A0
:107AB000E0E70020DEE74FF08060DBE7704710B5BD
:107AC000F9F7B8FF10BD00003448006840F47000BA
:107AD000324908603248006800F00F00072806D2DB
:107AE0002F48006820F00F00C01D2D4908602D4868
:107AF000006840F001002B4908600020294910313E
:107B00000860284800682849084026490860244839
:107B1000006800F00F00072806D92148006820F00F
:107B20000F00C01D1E49086000201E491831086062
:107B3000091D0860091D08601C481A4928310860A1
:107B40001B48091D08601B48091D08600020091D0D
:107B500008601848091D08600020091D08601548C4
:107B6000091D08600020091D08600E48006820F407
:107B700080200C49086000200A49603108600E48E6
:107B800000686FF30F00B0F1005F02D201200B49D3
:107B9000086043F2D2000A490860704788ED00E0AF
:107BA00000200052004402587FEDF6EA0002020273
:107BB0000000FF01800201010010005C08810051FB
:107BC0000040005210B50E480068C06800F0010087
:107BD00078B10C4908698047002009490968486262
:107BE00000BF642006490968C86264210448C16076
:107BF00000BF6FF0010002490968086110BD000074
:107C000088180024A400002410B50268294B98426B
:107C10000ED0B0F1804F0BD0274B984208D0274BA5
:107C2000984205D0264B984202D0264B984203D169
:107C300022F070024B681A431E4B984217D0B0F1E5
:107C4000804F14D01C4B984211D01C4B98420ED040
:107C50001B4B98420BD01B4B984208D01A4B9842B2
:107C600005D01A4B984202D0194B984203D122F406
:107C70004072CB681A4322F080034C6943EA040245
:107C800002608B68C3620B6883620A4B98420BD018
:107C90000C4B984208D00C4B984205D00B4B9842A5
:107CA00002D00B4B984201D10B690363012343615E
:107CB00010BD00000000014000040040000800402A
:107CC000000C00400004014000400140004401401D
:107CD0000048014090F8281001F0010139B1016815
:107CE000496821F40031C26A11430268516090F87A
:107CF000281001F00201022907D10168496821F426
:107D00008031026B11430268516090F8281001F035
:107D10000401042907D10168496821F48021426BDC
:107D200011430268516090F8281001F008010829F9
:107D300007D10168496821F40041826B1143026850
:107D4000516090F8281001F01001102907D1016846
:107D5000896821F48051C26B11430268916090F8E8
:107D6000281001F02001202907D10168896821F439
:107D70000051026C11430268916090F8281001F0E4
:107D80004001402913D10168496821F48011426CF7
:107D9000114302685160416CB1F5801F07D1016841
:107DA000496821F4C001826C11430268516090F867
:107DB000281001F08001802907D10168496821F469
:107DC0000021C26C114302685160704738B5044607
:107DD0000020C4F88C00F9F727FE054620680068EB
:107DE00000F0080008280CD16FF07E402B460022DE
:107DF0004FF400110090204600F096FE08B10320D9
:107E000038BD2068006800F0040004280CD16FF031
:107E10007E402B4600224FF480010090204600F067
:107E200083FE08B10320EBE72020C4F88400C4F8E7
:107E300088000020E06600BF84F8800000BF00BF1B
:107E4000DEE770B50546AC6B0020A4F85E00A4F830
:107E500056002046FDF7B8FF70BD000000BF00BF10
:107E6000026852E8002F22F49071036843E8001280
:107E7000002AF5D100BF00BF00BF0268083252E8F7
:107E8000002F104B02EA03010268083242E8001397
:107E9000002BF2D100BFC16E01290CD100BF00BF81
:107EA000026852E8002F22F01001036843E8001234
:107EB000002AF5D100BF2021C0F888100021C1663A
:107EC00001677047FEFFFFEF10B5044600BF00BF1B
:107ED000216851E8001F21F04000226842E80001BB
:107EE0000029F5D100BF2020C4F88400002060677D
:107EF0002046FEF7CBFA10BD2DE9F0410446B4F858
:107F00006070D4F88800222857D12068406A86B271
:107F1000A56D06EA07002880A06D801CA065B4F856
:107F20005E00401EA4F85E00B4F85E0000284AD14E
:107F300000BF00BF216851E8001F21F49070226843
:107F400042E800010029F5D100BF00BF00BF216851
:107F5000083151E8001F21F001002168083141E893
:107F60000002002AF3D100BF2020C4F888000020BE
:107F70002067E06E01281CD10020E06600BF00BF32
:107F8000216851E8001F21F01000226842E800013A
:107F90000029F5D100BF2068C069C0F3001010B1FE
:107FA000102021680862B4F85C102046FDF708FF35
:107FB00009E02046FEF70CFA05E02068806940F0F1
:107FC000080021688861BDE8F08100002DE9F84FC4
:107FD0000446B4F860B02068C56920680068009065
:107FE0002068D0F808A0D4F8880022287ED1B4F800
:107FF000689096E02068406A1FFA80F8A76D08EA4A
:108000000B003880A06D801CA065B4F85E00401E97
:10801000A4F85E002068C56905F00700B0B305F05C
:10802000010060B1009800F4807040B10120216827
:108030000862D4F88C0040F00100C4F88C0005F010
:10804000020058B10AF0010040B102202168086224
:10805000D4F88C0040F00400C4F88C0005F0040053
:1080600058B10AF0010040B1042021680862D4F838
:108070008C0040F00200C4F88C00D4F88C0028B1C9
:108080002046FDF7A1FE0020C4F88C00B4F85E0085
:1080900068BB00BF00BF216851E8001F21F4807059
:1080A000226842E800010029F5D100BF00BF00BFEF
:1080B0002168083151E8001F344A01EA02002168B2
:1080C000083141E80002002AF2D100BF2020C4F8A4
:1080D000880000202067E06E01281FD10020E066A4
:1080E00000BF00BF216851E8001F01E046E018E032
:1080F00021F01000226842E800010029F2D100BFFF
:108100002068C069C0F3001010B110202168086217
:10811000B4F85C102046FDF753FE02E02046FEF75F
:1081200057F9B9F1000F04D005F0200000287FF4C2
:1081300061AFB4F85E6006B3B4F86800B04223DD06
:1081400000BF00BF2168083151E8001F21F08050B6
:108150002168083141E80002002AF3D100BF0C4831
:10816000206700BF00BF216851E8001F41F02000D8
:10817000226842E800010029F5D105E02068806905
:1081800040F0080021688861BDE8F88FFEFFFFEF2E
:10819000F97E000870B50446B4F86060D4F8880031
:1081A000222857D12068406A85B2F0B22840A16DDC
:1081B0000870A06D401CA065B4F85E00401EA4F8D5
:1081C0005E00B4F85E0000284AD100BF00BF2168FD
:1081D00051E8001F21F49070226842E80001002954
:1081E000F5D100BF00BF00BF2168083151E8001F72
:1081F00021F001002168083141E80002002AF3D192
:1082000000BF2020C4F8880000202067E06E01280D
:108210001CD10020E06600BF00BF216851E8001FAC
:1082200021F01000226842E800010029F5D100BFCA
:108230002068C069C0F3001010B1102021680862E6
:10824000B4F85C102046FDF7BBFD09E02046FEF7C0
:10825000BFF805E02068806940F008002168886167
:1082600070BD00002DE9F05F0446B4F860A02068FE
:10827000C5692068D0F800B02068D0F80890D4F81C
:10828000880022287DD1B4F8688095E02068406A93
:1082900087B20AF0FF003840A16D0870A06D401C45
:1082A000A065B4F85E00401EA4F85E002068C569B1
:1082B00005F00700A8B305F0010058B10BF4807079
:1082C00040B1012021680862D4F88C0040F0010020
:1082D000C4F88C0005F0020058B109F0010040B16B
:1082E000022021680862D4F88C0040F00400C4F831
:1082F0008C0005F0040058B109F0010040B10420E1
:1083000021680862D4F88C0040F00200C4F88C00A8
:10831000D4F88C0028B12046FDF756FD0020C4F8A3
:108320008C00B4F85E0068BB00BF00BF216851E854
:10833000001F21F48070226842E800010029F5D175
:1083400000BF00BF00BF2168083151E8001F354A57
:1083500001EA02002168083141E80002002AF2D156
:1083600000BF2020C4F8880000202067E06E0128AC
:108370001FD10020E06600BF00BF216851E8001F48
:1083800001E046E018E021F01000226842E8000118
:108390000029F2D100BF2068C069C0F3001010B1FD
:1083A000102021680862B4F85C102046FDF708FD33
:1083B00002E02046FEF70CF8B8F1000F04D005F0FB
:1083C000200000287FF462AFB4F85E6006B3B4F812
:1083D0006800B04223DD00BF00BF2168083151E8CA
:1083E000001F21F080502168083141E80002002A76
:1083F000F3D100BF0C48206700BF00BF216851E8DF
:10840000001F41F02000226842E800010029F5D158
:1084100005E02068806940F0080021688861BDE8B7
:10842000F09F0000FEFFFFEF958100082DE9F04F5F
:1084300089B0054600200890F8492868884200D194
:1084400000E000BF2969A868084369690843E96931
:1084500040EA010828680068F149084040EA08003D
:10846000296808602868406820F44050E96808439B
:1084700029684860D5F81880E8492868884202D001
:10848000286A40EA080828688068E649084040EA07
:108490000800296888602868C06A20F00F00696AAF
:1084A00008432968C86200BFDF492868884220D194
:1084B000DE48006800F03800182811D005DC48B10B
:1084C000082809D0102811D108E020280AD028282F
:1084D0000CD109E001240BE0042409E0082407E0A2
:1084E000102405E0202403E0402401E0802400BFA4
:1084F000F8E0CF492868884219D1CC48006800F0DC
:108500000700062810D2DFE800F0030507090B0D6D
:1085100000240BE0042409E0082407E0102405E00F
:10852000202403E0402401E0802400BFDAE0C149B8
:108530002868884219D1BD48006800F00700062865
:1085400010D2DFE800F0030507090B0D00240BE053
:10855000042409E0082407E0102405E0202403E0B7
:10856000402401E0802400BFBCE0B3492868884271
:1085700019D1AE48006800F00700062810D2DFE8E5
:1085800000F0030507090B0D00240BE0042409E0AB
:10859000082407E0102405E0202403E0402401E043
:1085A000802400BF9EE0A5492868884219D19F48D1
:1085B000006800F00700062810D2DFE800F003058D
:1085C00007090B0D00240BE0042409E0082407E050
:1085D000102405E0202403E0402401E0802400BFB3
:1085E00080E097492868884220D19048006800F0D0
:1085F0003800182811D005DC48B1082809D0102807
:1086000011D108E020280AD028280CD109E0012443
:108610000BE0042409E0082407E0102405E02024EE
:1086200003E0402401E0802400BF5BE08549286826
:10863000884219D17D48006800F00700062810D252
:10864000DFE800F0030507090B0D00240BE004240C
:1086500009E0082407E0102405E0202403E040247A
:1086600001E0802400BF3DE077492868884219D1A5
:108670006E48006800F00700062810D2DFE800F01E
:10868000030507090B0D00240BE0042409E008246E
:1086900007E0102405E0202403E0402401E08024CA
:1086A00000BF1FE05D49286888421AD15F48001D5D
:1086B000006800F00700062810D2DFE800F003058C
:1086C00007090B0D02240BE0042409E0082407E04D
:1086D000102405E0202403E0402401E0802400BFB2
:1086E00000E0802400BF4D49286888427DD1102CCD
:1086F0001AD006DC022C09D0042C0BD0082C29D16E
:108700000DE0202C21D0402C24D120E0F9F79EFF51
:10871000064623E005A8FAF7C3F8069E1EE002A865
:10872000FAF7D6F9039E19E0404854380068C0F3C0
:10873000401040B13D4854380068C0F3C10143487F
:1087400020FA01F600E0414E08E0414E06E04FF409
:10875000004603E000260120089000BF00BF002E65
:1087600010D03C49686A31F81000B6FBF0F968682F
:1087700000EB4000484503D868680003484502D232
:108780000120089003E13349686A31F810C062465D
:10879000002330461946F7F726FE4FF48073002277
:1087A0008446ACFB030B01FB03B10CFB021C6968A4
:1087B0004908034659184CEB0200CDE90010D5F8E2
:1087C00004C06246002308460199F7F70CFE0746ED
:1087D000B7F5407F06D3B7F5801F03D22868C7607E
:1087E000D5E002E001200890D1E0E869B0F5004F43
:1087F0007BD1082C39D005DC5CB1012C2CD0042CA9
:108800004CD12DE0102C35D0202C42D0402C45D11D
:1088100041E0FBF787FD064644E00000000C0058ED
:10882000F369FFCFFFF4FF110010014054440258D8
:108830000044004000480040004C00400050004010
:108840000014014000780040007C00400090D003FC
:1088500000093D00CC7A0108FBF776FD064621E0D1
:1088600005A8FAF71DF8069E1CE002A8FAF730F9F1
:10887000039E17E04C480068C0F3401038B14A48E6
:108880000068C0F3C101494820FA01F600E0474EF4
:1088900008E0474E06E04FF4004603E000260120C2
:1088A000089000BF00BFFEB14249686A31F810006D
:1088B000B6FBF0F04000696800EB5100B0FBF1F747
:1088C000102F0FD3B7F5803F0CD24FF6F07007EAA8
:1088D000000AC7F342004AEA000A2868C0F80CA060
:1088E00055E002E00120089051E0082C1AD005DC88
:1088F0005CB1012C0DD0042C2DD10EE0102C16D023
:10890000202C23D0402C26D122E0FBF70BFD06467D
:1089100025E0FBF719FD064621E005A8F9F7C0FFA1
:10892000069E1CE002A8FAF7D3F8039E17E01E4843
:108930000068C0F3401038B11B480068C0F3C101A3
:108940001A4820FA01F600E0184E08E0184E06E03A
:108950004FF4004603E000260120089000BF00BF4E
:10896000AEB11449686A31F81000B6FBF0F06968DE
:1089700000EB5100B0FBF1F7102F06D3B7F5803FA5
:1089800003D2B8B22968C86001E001200890012034
:10899000A5F86A00A5F868000020286768670898AD
:1089A00009B0BDE8F08F0000004402580090D003E9
:1089B00000093D00CC7A010830B503469965A3F85B
:1089C0005C20A3F85E200020186700BF9868B0F50F
:1089D000805F0AD1186920B940F2FF10A3F8600047
:1089E00020E0FF20A3F860001CE0986848B91869EF
:1089F00018B9FF20A3F8600014E07F20A3F86000FE
:108A000010E09868B0F1805F09D1186918B97F202B
:108A1000A3F8600006E03F20A3F8600002E0002019
:108A2000A3F8600000BF0020C3F88C002220C3F828
:108A3000880000BF00BF1C68083454E8004F44F0B1
:108A400001001C68083444E80005002DF3D100BF84
:108A5000586EB0F1005F31D1B3F8680090422DDC60
:108A60009868B0F5805F04D1186910B92A48186772
:108A700001E02A48186700BF002083F8800000BF8B
:108A8000186960B100BF00BF1C6854E8004F44F48F
:108A900080701D6845E80004002CF5D100BF00BFC0
:108AA00000BF1C68083454E8004F44F080501C6834
:108AB000083444E80005002DF3D12BE09868B0F5A8
:108AC000805F04D1186910B91548186701E015488E
:108AD000186700BF002083F8800000BF186960B1EC
:108AE00000BF00BF1C6854E8004F44F490701D683C
:108AF00045E80004002CF5D10CE000BF00BF1C6865
:108B000054E8004F44F020001D6845E80004002CA4
:108B1000F5D100BF002030BDCD7F00086582000880
:108B2000F97E0008958100082DE9F04104460D46C4
:108B300017469846069E6AE0701C002867D0F8F732
:108B400073FFA0EB0800B04200D846BB00BF00BFD7
:108B5000216851E8001F21F4D070226842E800012A
:108B60000029F5D100BF00BF00BF2168083151E8DE
:108B7000001F21F001002168083141E80002002AAD
:108B8000F3D100BF2020C4F88400C4F8880000BFDF
:108B9000002084F8800000BF0320BDE8F081206839
:108BA000006800F0040088B32068C069C0F3C020EA
:108BB00060B34FF400602168086200BF00BF216805
:108BC00051E8001F21F4D070226842E8000100291A
:108BD000F5D100BF00BF00BF2168083151E8001F78
:108BE00021F001002168083141E80002002AF3D198
:108BF00000BF202044F8840F6060A060843C00BF68
:108C0000002084F8800000BF0320C6E7FFE720684B
:108C1000C0692840A84201D1012000E00020B842EC
:108C20008AD00020B9E7000010B50248FDF7CEF861
:108C300010BD0000B002002400BFFEE7024800683B
:108C4000C0F30220704700000CED00E010B50028D2
:108C500004DB0A07130E054A135406E00A07140E34
:108C6000034A00F00F031B1FD45410BD00E400E0C2
:108C700018ED00E030380A2801D2012070470020AA
:108C8000704700BF704702460020CB1C23F0030151
:108C9000D2F888308B4207D3843253685B1A536012
:108CA0001068431842F8843970472DE9F05F044694
:108CB0000E462768D4F804804FF0000B207BC117C4
:108CC00000EBD1614911A0EB41150120A840401EE5
:108CD000216E01EA000A2FE094F8640010B14FF011
:108CE000FF0925E077B9D4F808804FF48062414647
:108CF0002046D4F88C30984707461FB96FF0010022
:108D0000BDE8F09F18F8019B7F1EBBF1000F09D052
:108D10004FF0000BB9F1000F01D084F864904FF0D0
:108D2000FF0905E0B9F1FF0F02D14FF0010B03E09D
:108D300049EA0A2A083500BFB542CDD3C4F860A07D
:108D4000A81B20732760C4F80480A81B00F01F0133
:108D50002AFA01F0D4E72DE9F04F87B00C464FF422
:108D6000B55BCDF818B041F2511BCDF814B042F606
:108D7000CF1BCDF810B041F6905BCDF80CB04FF0A2
:108D8000000BCDF800B080E0D0F800C0D0F84080F3
:108D9000D0F88090D0F8C0100CEB090AACEB090BAE
:108DA000CDF808B0A8EB010B4FF4B55E0BFB0EFB42
:108DB0004FEA2B3741447F1A0AEB010CAAEB010161
:108DC000DDF808B007EB0B08DDF808B0ABEB0709DE
:108DD000D0F8E050036AD0F8A060026EA3EB050A59
:108DE0005F19A6EB020BCDF808B03244A7EB020BDB
:108DF0000BFB0EFB4FEA2B333A44DDF808B0D344AB
:108E000041F6905E0BFB0EFB4FEA2B3BCDF804B016
:108E100041F2511B0AFB0BFEDDF804B0ABEB2E3523
:108E200042F6CF1EDDF808B00BFB0EFEDDF804B0F5
:108E3000ABEB2E3BABEB02069B1BED1A0CEB020BD4
:108E4000C0F800B0ACEB020BC0F8E0B008EB060BCA
:108E5000C0F820B0A8EB060BC0F8C0B009EB030BBC
:108E6000C0F840B0A9EB030BC0F8A0B001EB050BB4
:108E7000C0F860B0A1EB050BC0F880B0001DDDF8B4
:108E800000B00BF1010BCDF800B0DDF800B0BBF184
:108E9000080FFFF679AF20384FF0000BCDF800B087
:108EA000A0E0D0F800B00BF5004CD0F80880D0F866
:108EB000109081690CEB090AACEB090BCDF808B0F6
:108EC000A8EB010B4FF4B55E0BFB0EFB4FEA2B3703
:108ED00041447F1A0AEB010CAAEB0101DDF808B04E
:108EE00007EB0B08DDF808B0ABEB0709C569436871
:108EF0004669C268A3EB050A5F19A6EB020BCDF821
:108F000008B03244A7EB020B0BFB0EFB4FEA2B33EE
:108F10003A44DDF808B0D34441F6905E0BFB0EFBFB
:108F20004FEA2B3BCDF804B041F2511B0AFB0BFE7C
:108F3000DDF804B0ABEB2E3542F6CF1EDDF808B0FD
:108F40000BFB0EFEDDF804B0ABEB2E3BABEB0206E9
:108F50009B1BED1A0CEB020B4FEA2B2B0FFA8BFB32
:108F6000A4F800B0ACEB020B4FEA2B2B0FFA8BFBF3
:108F7000A4F80EB008EB060B4FEA2B2B0FFA8BFB75
:108F8000A4F802B0A8EB060B4FEA2B2B0FFA8BFBD1
:108F9000A4F80CB009EB030B4FEA2B2B0FFA8BFB59
:108FA000A4F804B0A9EB030B4FEA2B2B0FFA8BFBB1
:108FB000A4F80AB001EB050B4FEA2B2B0FFA8BFB41
:108FC000A4F806B0A1EB050B4FEA2B2B0FFA8BFB95
:108FD000A4F808B010342030DDF800B00BF1010B1C
:108FE000CDF800B0DDF800B0BBF1080FFFF659AFC7
:108FF00007B0BDE8F08F00002DE9FF4F97B08A461B
:1090000093461F46DDF8908000201590039017B11D
:10901000B8F1000F03D129201BB0BDE8F08F0AEB97
:109020000700401E6E490988884201DD2920F3E7C8
:109030000BEB0800401E6A494988884201DD29205F
:10904000EAE74FF400600CF07AFA04460CB91120FC
:10905000E2E74FF416700CF072FA1690169820B9E9
:1090600020460CF065FA1120D6E74FF04209422263
:10907000002104A80BF056F82820CDF81E00CDF8EA
:109080002270CDF826800121ADF82A101021ADF80C
:109090002C100321CDF82E10DDF82610DDF822204B
:1090A0005143BDF82C2001FB02F0C11700EB5171B8
:1090B000CA10CDF8322044F64250ADF81000DDF869
:1090C00032004844CDF81200CDF81A904FF47840A1
:1090D000CDF846004FF4FC61CDF84A101F21CDF8C1
:1090E0004E102598012805D10322DDE9160101F073
:1090F000F1FD0390259810B10398042805D10622AC
:10910000DDE9160101F0E6FD0390DDF822104800CC
:10911000C11700EB91718910A0EB810161B1DDF8FD
:1091200022104800C11700EB91718910491C4FF6BD
:10913000FF7202EA810605E0DDF822004FF6FF71BA
:1091400001EA40060398002842D115AB4A4604A91B
:10915000169802F0C4F903900BEB0800401E80B291
:1091600001902EE00025CDF808A015E0DDF82200E2
:10917000A84207DD1B480268DDE90110904724F88A
:10918000150003E04FF6FF7024F81500681C85B247
:109190000298401C80B2029006EBD671B5EB610FCD
:1091A000E4D1DDF82600401ECDF8260015AB32468E
:1091B0002146169802F093F903900198401E80B260
:1091C0000190DDF826000028CCD1169801F00EFBA6
:1091D00020460CF0ADF916980CF0AAF903981BE79D
:1091E0008C030024EC8A07242DE9F04704460D4641
:1091F00090469946AD1E606B00EB153AC5F3C80664
:1092000005F0070101208840C7B200BF51460AF1AE
:10921000010A20460AF020FE10B10120BDE8F087C7
:1092200000BF00BF04F13C00805D384008B1012060
:1092300000E00020484501D10220EFE704F13C00A6
:10924000805D784004F13C0188550120E070A8F170
:109250000100B0F1000800D1E0E77806000E071E1B
:10926000E0D10127701C0646B0F5007FD9D3002657
:10927000CCE700002DE9F041044688460020E0706C
:10928000401EA063414620460AF0E6FD10B10420CE
:10929000BDE8F08104F23A2009F076F907464AF673
:1092A0005520874208D10B222DA104F13C00F7F78D
:1092B000B7FA08B90120EBE794F83C50EB2D03D046
:1092C000E92D01D0E82D43D14AF65520874208D137
:1092D000082226A104F18E00F7F7A2FA08B90020AF
:1092E000D6E704F1470009F04FF906464920055D2D
:1092F000701E304060BBB6F5007F29DBB6F5007FFD
:1093000026DC2DB3681E284010BB04F14A0009F08A
:109310003BF9E8B14C20005D401E012818D804F14B
:109320004D0009F031F998B104F14F0009F02CF922
:10933000802806DA04F15C0009F0E9F8B0F5803F16
:1093400006D304F1520009F01FF908B100209FE78D
:109350004AF65520874201D1022099E7032097E77A
:10936000EB76904558464154202020004641543326
:1093700032202020000000002DE9F84F82461546DB
:109380001E46DAF800000090DAF8500000F10409F7
:109390004FF40072002328463146F7F724F80746B9
:1093A0000098B0F80AC0624600233846F7F71BF869
:1093B000834600BF59F8044B14B90020BDE8F88F6C
:1093C000A34500D204E0ABEB040B09F10409F1E77B
:1093D00000BFD9F800005844F0E70246891ED06962
:1093E000801E884201D8002070475389106B03FB10
:1093F0000100F9E72DE9F04780460C4604F11A0018
:1094000009F0C2F810B10020BDE8F087207800F024
:109410003F00401E00EB800101EBC0054FF0010949
:10942000002621E01849895D081909F0ADF80746C2
:10943000B9F1000F11D0FF2D0BD8384602F026FAF3
:10944000824629466D1C38F8110002F01FFA824549
:1094500001D00020D8E7B94605E04FF6FF708742FB
:1094600001D00020D0E7761C0D2EDBD3207800F051
:10947000400038B1B9F1000F04D038F8150008B138
:109480000020C1E70120BFE7ACAA01082DE9F047A1
:1094900006468A463468BAF1000F0AD1D4F814801F
:1094A000B8F1000F02D0E069404516D84FF001082E
:1094B00013E05146304602F089FF0746022F02D2E0
:1094C0000120BDE8F087781C08B93846F9E7E06963
:1094D000B84201D93846F4E7D046A06908B900205F
:1094E000EFE7207804284ED101224146204602F0C1
:1094F00062FA05460DB1681C08B92846E1E7012368
:109500001A4629462046FFF76FFE8146B9F1020F41
:1095100001D10120D5E7B9F1010F02D14FF0FF30A1
:10952000CFE7BAF1000F02D10220F0710CE0F07920
:10953000022809D108F10100854205D0B068A8EBE6
:109540000000B0610320F071F079022869D00AF1BF
:109550000100854207D1F06910B1F069401C00E0BC
:109560000220F0615DE0F06908B90120F0612A464F
:109570005146304602F0FDF98146B9F1000F50D155
:109580000120F0614DE00025D04519D108F1010519
:10959000E069A84200D802252946304602F016FFAD
:1095A0000746012F01D0781C08B9384689E73FB13A
:1095B0006769022F03D3E069B84200D9B846002595
:1095C000E5B9454600BF6D1CE069A84204D80225F4
:1095D000454501D9002074E72946304602F0F6FEE1
:1095E000074607B909E0012F01D0781C08B93846B1
:1095F00067E74545E7D1002063E700BF4FF0FF3242
:10960000294620460BF0A2FF8146B9F1000F08D190
:10961000BAF1000F05D02A46514620460BF096FFBE
:109620008146B9F1000F0DD16561D4E90610801EA5
:10963000814202D8A069401EA061207940F001005B
:10964000207107E0B9F1010F02D14FF0FF3000E0C7
:1096500001200546284634E72DE9F74F8AB0074632
:1096600088461AE10C98112803D206200DB0BDE8F7
:10967000F08F0C9811380C9018F8010B0790079890
:1096800000F0EE0008B10620F0E7079806110798F1
:1096900000F00F0910213846FFF7F5FA8246BAF1BB
:1096A000000F01D10320E1E707F1200000EBC90022
:1096B00040F826A000200446089007E018F8011B97
:1096C0000AF80410089808440890641C102CF5D37C
:1096D000089841003846FFF7D6FA0590059808B972
:1096E0000320C3E707F1300101EBC901059841F8F8
:1096F0002600002006900446099018E01AF804504D
:109700000AE00998421C06990992059A22F810105D
:109710000698401C80B20690281EA5F10105F0D1E4
:109720004FF6FF71069801EA40000690641C102C69
:10973000E4D308990C98884201D2062096E708994C
:109740000C98401A0C9038460899FFF79CFA83460B
:10975000BBF1000F01D1032088E707F1400000EBC7
:10976000C90040F826B000240CE018F8010B07905F
:1097700026B907980B2801DD062077E707980BF834
:109780000400641C08988442EFD3002001900090EC
:10979000AEB14FF400613846FFF775FA01900198B9
:1097A00008B9032062E707F16C01019841F829002C
:1097B000FF224FF400610198F7F7F9F814E04FF435
:1097C00080613846FFF75FFA0090009808B90320DF
:1097D0004CE707F17401009841F82900FF224FF48B
:1097E00080610098F7F7E3F80020054604464CE056
:1097F0001AF80500099044E0059830F81400C5F106
:1098000009018840C0F309000290E6B12046641CBB
:109810001BF80010681C41EA00200390C5F1090103
:109820000120884004900AE00498401E04900398A8
:1098300082B20298411C0291019921F810200498EB
:109840000028F1D11AE02046641C1BF80010681CA7
:1098500041EA00100390C5F10901012088400490FD
:1098600009E00498401E04900398C2B20298411C7B
:10987000029100990A5404980028F2D10998401ED8
:10988000099009980028B7D16D1C0A2DB0D307F1B3
:10989000650000EB4900845500BF0C9800287FF458
:1098A000E1AE00BFE2E600002DE9F34F85B081464E
:1098B000069800680290D9F80000D0F80CA00025A6
:1098C00000BF02A80CF0C8FD83460BF1010018B9D7
:1098D000062007B0BDE8F08FBBF5803F05D34FEA07
:1098E0001B4228466D1C2AF810201FFA8BF4202CEE
:1098F00003DB2F2C01D05C2C00D111E0802C06DA88
:1099000021467BA0F6F782FF08B10620E1E7FF2D94
:1099100001D30620DDE728466D1C2AF81040D0E769
:1099200000BF202C01DA042611E002E00298401C5E
:109930000290029800782F28F8D0029800785C28CE
:10994000F4D0002602980078202800D2042602993C
:109950000698016008E0681E3AF81040202C02D0FA
:109960002E2C00D002E06D1E002DF4D100BF00208F
:109970002AF815000DB90620ABE7002700E07F1C90
:109980003AF817002028FAD01FB93AF817002E2805
:1099900001D146F0030600E06D1E25B1681E3AF8BD
:1099A00010002E28F8D120220B2109F14000F6F7F3
:1099B000FEFF4FF00008CDF810800820039000BF94
:1099C00038467F1C3AF8104004B966E0202C03D0DA
:1099D0002E2C04D1AF4202D046F00306F0E7DDE9B9
:1099E0000310884201D2AF4216D103980B2802D14E
:1099F00046F0030651E0AF4201D046F00306AF4205
:109A000000D94AE02F46082004900B2003904FEA2B
:109A100088604FEA1068D3E7802C0ADB46F0020624
:109A2000204601F033FF4FF46A71019001F0ECFE23
:109A30000446FF2C11DD0398401E0499884204D887
:109A400046F0030603980490BAE722120498411CDA
:109A5000049109F140010A5418E024B1214627A0DD
:109A6000F6F7D4FE18B15F2446F003060EE0412C51
:109A700003DB5A2C01DC48F00208612C06DB7A2C4F
:109A800004DC48F00108A4F1200084B20498411CD1
:109A9000049109F140010C5492E700BF99F840008D
:109AA000E52802D1052089F840000398082803D151
:109AB0004FEA88604FEA106808F00C000C2803D0C9
:109AC00008F00300032801D146F0020606F0020068
:109AD00048B908F0010008B146F0100608F004008B
:109AE00008B146F008064B2000F809600020F0E6B7
:109AF0002A3A3C3E7C223F7F000000002B2C3B3D5D
:109B00005B5D00002DE9F04782460C4616462BE0CF
:109B1000412E02D20620BDE8F087413E14F8019B99
:109B200009F0F00008B10620F5E709F003074FF44B
:109B300080715046FFF7A7F805460DB90320EAE704
:109B40000AF1500040F8275000270BE0084810F8B1
:109B5000078014F8010B074931F81810484345F8FD
:109B600028007F1C402FF1D3002ED1D10020D2E756
:109B70009EAE0108DEAE01082DE9F04704460E4610
:109B800040212046F6F71BFF85202070C02084F876
:109B9000200040250020804607464FF0010900BF05
:109BA000C12228466D1C2254002228466D1C2254D6
:109BB00000BFB9F1000F06D036F81700B0F1000968
:109BC00001D0781CC7B2601949460CF0E7F8AD1C0B
:109BD00005F01F000028ECD108F1010000F0FF089B
:109BE00036F817000028DBD184F8237008F1010053
:109BF000607030460DF0E3FE8246514604F12400C9
:109C00000CF0CCF8BDE8F08701460B48007888429C
:109C10000FDC09484078884201DB01207047064884
:109C20008078884205DC0448C078884201DB012046
:109C3000F4E70020F2E70000B9AA01080146104845
:109C40000079884219DC0E484079884201DB012006
:109C500070470B488079884205DC0948C079884202
:109C600001DB0120F4E70648007A884205DC04485D
:109C7000407A884201DB0120EAE70020E8E70000A3
:109C8000B9AA010801490860704700000C000024CF
:109C900010B504464FF47A7104FB01F000F002F8AD
:109CA00010BD000070B5034600224FF0E026756934
:109CB0000D4E366803FB06F44FF0E026B16910E064
:109CC0004FF0E026B06988420BD0884202D20E1ACB
:109CD000324402E02E1A0E4432440146A24200D31E
:109CE00000E0EDE700BF70BD0C0000242DE9F0415D
:109CF00004460E46D4F800800021204600F06FFB99
:109D000005465DBB002700BF4046A16B0AF0A4F8E2
:109D1000054605B121E098F80000042805D1E06B64
:109D20000078012121EAD01009E0E06B0078E528F5
:109D300002D0E06B007808B9012000E0002020B1DB
:109D4000781C0746B04201D107E0002701212046D8
:109D500000F03FF90546002DD6D000BF042D00D1FC
:109D600007252846BDE8F0812DE9F04704468946DD
:109D700020460CF017FA10B10120BDE8F0874946E3
:109D80002046FFF72AFB0746A7634FF4007104F152
:109D90003C00F6F736FE60894FF40041B1EB402FEE
:109DA00001D8084601E06089400206464FF00008ED
:109DB00000E07608B6F5007F05D9304601F0D1FC09
:109DC000B0F10008F5D0B6F5007F16D9314640460F
:109DD000F6F7F5FD760A002500E035446089A842D3
:109DE00007D97A1960783346414600F026FC0028EE
:109DF000F3D0404601F0BCFC10E004F13C08012621
:109E0000002500E035446089A84207D97A196078B6
:109E10003346414600F011FC0028F3D06089A84287
:109E200001D00120A9E70020A7E72DE9F04F85B078
:109E3000044625680021204600F0D1FA07461FB1EC
:109E4000384605B0BDE8F08F287804284CD1E86882
:109E50000DF0B5FD01903EE0296901F1240008F004
:109E600093FB0199884200D035E0286990F82300DF
:109E700003904FF0400A002002901FE00AF01F00FC
:109E800008B90AF1020A296901EB0A0008F07CFB13
:109E9000009001F0FBFC8346EA68029932F8110059
:109EA00001F0F4FC834500D00BE00398401EC0B2E3
:109EB00003900AF1020A0298401C029003980028BD
:109EC000DCD100BF039828B9E968029831F8100086
:109ED00000B906E000BF0021204600F0EAF8071EA6
:109EE000BAD000BF3846ACE74FF0FF09CDF810906C
:109EF0004FF0FF30E06400BF2846A16B09F0ACFFD3
:109F0000074607B162E0E06B06780EB904275DE012
:109F1000E06BC07A00F03F0884F80680E52E05D09B
:109F200008F0080040B1B8F10F0F05D04FF0FF095D
:109F30004FF0FF30E06442E0B8F10F0F22D14B2028
:109F4000005D00F04000A0BB06F0400038B1E06BBF
:109F5000407B049006F0BF06B146206BE0644E459E
:109F60000CD1E06B417B0498814207D1E16BE8683A
:109F7000FFF740FA10B1A9F1010000E0FF2000F066
:109F8000FF091CE0B9F1000F06D1E06B0CF0B3F84B
:109F90000499884200D119E04B20005D00F00100D7
:109FA00040B90B2204F14001E06BF6F739FC08B927
:109FB0000CE004E04FF0FF094FF0FF30E0640021B7
:109FC000204600F006F80746002F95D000BF38461F
:109FD00037E72DE9F041044688462768206B00F1F9
:109FE00020063878042801D1800601E04FF40010E3
:109FF000B04201D80020A063A06B10B90420BDE8D6
:10A00000F081C6F3080000284AD1A06B401CA06371
:10A01000606B38B93889B0EB561F41D80020A06377
:10A020000420ECE77889401E00EA5620002837D14A
:10A030002046616B02F0CAF90546012D01D80220C5
:10A04000DDE7681C08B90120D9E7F869A84221D8E2
:10A05000B8F1000F03D10020A0630420CFE7204611
:10A06000616BFFF713FA05460DB90720C7E7012D0D
:10A0700001D10220C3E7681C08B90120BFE72946C7
:10A080003846FFF771FE08B10120B8E7E07940F0EB
:10A090000400E071656329463846FFF79EF9A06326
:10A0A0002663C6F3080107F13C000844E063002082
:10A0B000A5E72DE9F05F04468846042627684FF09F
:10A0C000FF0AD3466CE03846A16B09F0C5FE064690
:10A0D00006B168E0E06B05780DB9042663E03878D6
:10A0E000042814D1B8F1000F02D0832D51D15AE0C9
:10A0F000852D4ED1206BE064204608F0B1FA06466B
:10A1000026B93869007900F03F00A0714BE0E06BA0
:10A11000C07A00F03F0984F80690E52D0AD02E2D74
:10A1200008D029F02000082801D1012000E00020FB
:10A13000404502D04FF0FF0A2BE0B9F10F0F1CD1C0
:10A1400005F0400038B1E06B90F80DB005F0BF05A8
:10A15000AA46206BE06455450BD1E06B407B584527
:10A1600007D1E16BF8680BF00BF810B1AAF1010010
:10A1700000E0FF2000F0FF0A0BE0BAF1000F04D16D
:10A18000E06B0BF0B8FF584502D04FF0FF30E064B1
:10A1900009E000212046FFF71CFF064606B102E059
:10A1A000A06B00288FD100BF0EB10020A063304605
:10A1B000BDE8F09F2DE9F04F99B0044626684B208A
:10A1C000005D00F0A00018B1062019B0BDE8F08FC6
:10A1D0004FF0000B01E00BF1010BF06830F81B00B1
:10A1E0000028F8D13078042866D10BF10E000F2139
:10A1F000B0FBF1F000F1020949462046FFF776FD79
:10A2000005460DB12846E0E7A9F101002022216BA7
:10A2100002FB1010E064E07900F00400002845D053
:10A22000E07920F00400E071204601F087FB05464C
:10A230000DB12846C9E74FF0FF322046616B01F0AF
:10A2400098FB05460DB12846BFE7A06870B32146CC
:10A25000684608F0E5F905460DB12846B5E770896E
:10A260004002D4E90431181841F10001C4E90401A5
:10A27000D4E90473316901F138003A460BF060FD0E
:10A28000D4E90473316901F128003A460BF058FD16
:10A29000E07940F00100316981F8210068460BF057
:10A2A000F1FE05460DB128468FE700BFD6E9031041
:10A2B000FFF762FC002088E7D4E91112206C15AB8F
:10A2C00007C39DF85F0000F0010028B340214B2038
:10A2D00001554FF0010A0EE0534615A904F1400064
:10A2E000F26802F009F82046FFF79FFD054605B128
:10A2F00004E00AF1010ABAF1640FEDD300BFBAF12C
:10A30000640F01D1072060E7042D01D028465CE7E7
:10A310009DF85F104B2001559DF85F0000F0020092
:10A3200030B10BF10C000D21B0FBF1F0401C00E04E
:10A330000120814649462046FFF7D8FC054675BBFB
:10A34000A9F10100B0F1000929D0206BA0EB49115F
:10A35000204600F044F805460DBB04F140000BF028
:10A36000CAFE149000BF3046A16B09F075FD05468A
:10A3700005B113E009F0FF02E16BF068149B0BF0EC
:10A3800087F90120F07000212046FFF722FE0546E4
:10A3900025B9A9F10100B0F10009E4D100BFE5B988
:10A3A0003046A16B09F058FD0546B5B92021E06B98
:10A3B000F6F705FBE06B216C0160616C4160B4F85D
:10A3C0004810018194F84A1081724B20005D00F022
:10A3D0001800E16B08730120F0702846F5E62DE9BE
:10A3E000F04104460D4626683078042801D18006E5
:10A3F00001E04FF40010A84202D905F01F0010B18F
:10A400000220BDE8F0812563A7682FB930780328C2
:10A4100002DBF76A0020E07147B93089B0EB551FC5
:10A4200001D80220EDE7F06AA0631CE070894FEAD2
:10A43000402811E03946204601F0C8FF0746781C45
:10A4400008B90120DDE7022F02D3F069B84201D834
:10A450000220D6E7A5EB08054545EBD23946304644
:10A46000FEF7BBFFA0636763A06B08B90220C8E7D3
:10A47000A06B00EB5520A063C5F3080106F13C007A
:10A480000844E0630020BCE770B50446002524B111
:10A49000012C06D0022C0BD106E00BF017FB054671
:10A4A00008E00AF0A1FC05E00AF090F8054601E09A
:10A4B000012500BF00BF0DB1012070BD0020FCE7E9
:10A4C00070B50346DBB931B1012910D0022904D09F
:10A4D000032911D106E0002010E04FF4007414604D
:10A4E00000200BE02C4CA48B1480002006E02A4CAA
:10A4F000A4691460002001E0042000BF4AE0012BA1
:10A500001AD131B101290FD0022904D0032910D169
:10A5100006E000200FE04FF40074148000200AE0F1
:10A5200008241480002006E04FF448441460002002
:10A5300001E0042000BF2DE0022B2AD131B1012916
:10A5400014D0022904D0032920D106E000201FE006
:10A550004FF40074148000201AE0104D6C88E51749
:10A5600004EBD5556D121580002011E00B4DED89DF
:10A570000A4EB6797543094E768805FB06F4E51751
:10A5800004EBD5556D121560002001E0042000BFDA
:10A5900000E0012070BD00001806002440050024E2
:10A5A0002DE9F04107460E4614461D464FF00008BF
:10A5B00015B90420BDE8F08127B1012F15D0022F75
:10A5C0002DD123E02A46214630460BF0A1FA8046E1
:10A5D00007E00BF07BFA2A46214630460BF098FA4A
:10A5E0008046B8F1000FF4D11CE00BE0002000EB36
:10A5F00044214FF4007230460AF05AFC641C06F500
:10A6000000766D1E002DF1D1A8460BE02B464FF4CD
:10A6100000722146304601F0F7FC804602E04FF020
:10A62000010800BF00BFB8F1000F01D10020C1E751
:10A630000120BFE70146002070472DE9F0410746A1
:10A640000E4614461D464FF0000815B90420BDE81B
:10A65000F08127B1012F15D0022F2DD123E02A46FA
:10A66000214630460BF07EFA804607E00BF02EFACA
:10A670002A46214630460BF075FA8046B8F1000FA5
:10A68000F4D11CE00BE0002000EB44214FF40072F9
:10A6900030460AF075FC641C06F500766D1E002D30
:10A6A000F1D1A8460BE02B464FF40072214630460C
:10A6B00001F066FD804602E04FF0010800BF00BFD8
:10A6C000B8F1000F01D10020C1E70120BFE701462A
:10A6D000412901DA08467047612903DBA1F1200016
:10A6E000C0B2F8E70846F6E72DE9FC410546002729
:10A6F000002405E0601CC4B2287800B902E06D1C9B
:10A70000FA2CF7DB00BFFA2C02D1FF20BDE8FC8158
:10A71000002408E06D1E28782E2802D16D1C2F46DB
:10A7200003E0601CC4B2052CF4DB00BF0FB9FF20AE
:10A73000ECE739466846F6F79FF8002407E01DF875
:10A740000400FFF7C4FF0DF80400601CC4B2042C21
:10A75000F5DB002421E000261AE0C4EBC400114917
:10A7600001EB800050F82600007800B912E0C4EB3D
:10A77000C4010C4A02EB810151F826006946F6F744
:10A7800067F918B946EA0410C0B2BFE7701CC6B238
:10A79000072EE2DB00BF601CC4B2072CDBDBFF200E
:10A7A000B4E7000004AB010870B5002500240EE0FA
:10A7B0004FF40F71002009F0D1FC0B4941F824003F
:10A7C000084650F8240000B903E0601CC4B2032C12
:10A7D000EEDB00BF09F0B4F80546032C02D10DB939
:10A7E000002070BD0120FCE70C89072438B5054620
:10A7F000284600F0A0FD04464CB9694628460DF0F5
:10A80000A1F804461CB900202860204638BD204627
:10A81000FCE72DE9F04F8FB0804614461D460DA988
:10A8200040460DF08FF80E900E9810B998F8310050
:10A830000E900E9850B90D980078042806D1421F4A
:10A840004046D8F8401001F094F80E900E9818B1D8
:10A850000E980FB0BDE8F08FD8F8500000287ED0D9
:10A860004FF0FF3184EA01006940084355D1D8F820
:10A8700050100491049802C806910490022005909B
:10A88000D8F808B0BBF1000F38D000BFCDF81CB02D
:10A89000002008900598801C059000BFCDF824B0DA
:10A8A0000898401C08905946404601F08FFD8346A9
:10A8B000BBF1010F03D8022088F83100C9E70BF182
:10A8C000010018B9012088F83100C2E70998401C3E
:10A8D0008345E3D0DDE9050188420BD80499089847
:10A8E00008600498001D0490049907980860049873
:10A8F000001D04900D98C0695845C7D80598D8F830
:10A9000050100860DDE90501884203D80021049851
:10A910000160B3E111200E90B0E1D8E90410091BE9
:10A92000A84101D2D8E90445C8E90E45002184EACE
:10A93000010069400843ECD0661E65F10003324611
:10A940004046FEF719FDC8F84000D8F840100D98B1
:10A95000FEF743FD0390039828B9022000E04EE083
:10A9600088F8310075E7661E65F100014FF400724A
:10A9700000233046F5F737FD0D994989491E0840F7
:10A980000399084403904FF400720023D8E90E6144
:10A990003046F5F728FD00214A404B401A43B8D015
:10A9A000D8F8441003988142B3D098F8300000F0F2
:10A9B000800098B1D8F844200D994878012308F117
:10A9C0005401FFF73AFE18B1012088F8310040E742
:10A9D00098F8300000F07F0088F830000D99487832
:10A9E000012308F15401039AFFF7DAFD18B10120A1
:10A9F00088F831002DE70398C8F844003EE10D982F
:10AA00000078042806D0211E75F1010002D34FF012
:10AA1000FF340025D8E90410091BA84106D298F894
:10AA2000300000F0020008B9D8E90445D8E90E0169
:10AA3000CDE90A0100200C90C8F83800C8F83C00A5
:10AA4000002184EA0100694008437ED00D984089C6
:10AA50004FEA40290023DDE90A01584059400843E4
:10AA60002BD0661E65F100014A463046F5F7BBFC67
:10AA700006460F46DDE90A10491E60F10002CDE9E5
:10AA800000124A46002308460199F5F7ACFC301A3B
:10AA90008F4112D3DDE90A104A1E60F10001A9F1CD
:10AAA000010022EA0000C8E90E01D8E90E12641A7A
:10AAB00065EB0205D8F840A01BE0D8F808A0BAF171
:10AAC000000F14D100214046FEF7E0FC8246BAF1A7
:10AAD000010F03D1022088F83100BAE60AF1010023
:10AAE00018B9012088F83100B3E6C8F808A0C8F802
:10AAF00040A0BAF1000F75D047E0B4EB090465F14E
:10AB00000005D8E90E2012EB090240F10000C8E967
:10AB10000E2098F8300000F00200E8B1D8E90430C7
:10AB2000D8E90E12591A904109D2D8E90E01C8E9A4
:10AB3000040198F8300040F0400088F83000514699
:10AB40004046FEF7A3FC824600E04BE0BAF1000F5E
:10AB500007D1002425461DE05146404601F036FC51
:10AB600082460AF1010018B9012088F8310070E628
:10AB7000BAF1010F03D90D98C069504503D80220DE
:10AB800088F8310065E6C8F840A00020B9EB040160
:10AB9000A841B2D300BFD8E90E1009196841C8E92D
:10ABA0000E104FF40072002320462946F5F71BFCD7
:10ABB00000214A404B401A4314D051460D98FEF7ED
:10ABC0000CFC0C900C9818B9022088F8310040E673
:10ABD0004FF40072002320462946F5F704FC0C9937
:10ABE00008440C90D8E90430D8E90E219A1A88411B
:10ABF00009D2D8E90E01C8E9040198F8300040F004
:10AC0000400088F830004FF400720023D8E90E614C
:10AC10003046F5F7E8FB00214A404B401A432DD05F
:10AC2000D8F844100C98814228D098F8300000F0F1
:10AC3000800098B1D8F844200D994878012308F194
:10AC40005401FFF7FAFC18B1012088F8310000E642
:10AC500098F8300000F07F0088F830000D994878AF
:10AC6000012308F154010C9AFFF79AFC18B1012056
:10AC700088F83100EDE50C98C8F844000E98E8E536
:10AC8000F7B582B016460398019001A801F0A7FD20
:10AC90000546002D02DA0B2005B0F0BD0C4850F837
:10ACA00025400CB100202070029810B100200299BC
:10ACB00008700749029841F825000EB90020EBE71B
:10ACC000002202A903A808F08DFE07463846E3E7F4
:10ACD000008907242DE9F74F9AB0044616461CB99F
:10ACE00009201DB0BDE8F08F06F03F06324605A9E9
:10ACF0001BA808F077FE0546002D7BD1059806902D
:10AD00004FF48C6000F02DFD8346BBF1000F01D1A4
:10AD10001120E6E70598C0F80CB00BF50070059916
:10AD2000086106A81B9900F0D4FE05462DB99DF8D0
:10AD3000630000F0800000B1062506F01C0000282A
:10AD40007ED045B1042D03D106A8FFF733FA05469E
:10AD500046F008060AE09DF81E0000F0110008B158
:10AD6000072503E006F0040000B10825002D40D1BE
:10AD700006F0080000283CD00598007804283AD155
:10AD8000059820602146059802F07AFF0599096927
:10AD9000881C1E21F5F713FE0599096901F12600AB
:10ADA0001A21F5F70CFE202005990969087101F0B8
:10ADB000D7FB01900599096901F1080001990AF092
:10ADC000B3FF01200599096981F8210006A80BF05D
:10ADD00059F90546002D5CD1A068002859D0002201
:10ADE0002046A1680AF089FD0546A068401E059925
:10ADF00048614EE0F2E001F0B3FB0390159901F1D8
:10AE00000E0003990AF090FF159901F116000399BD
:10AE10000AF08AFF1599059807F066FB0490202038
:10AE20001599C8720022159905980AF06BFF1599BB
:10AE300001F11C0000210AF077FF0120059900E0D4
:10AE400016E0C870049820B30598806B0290002229
:10AE500006A804990AF051FD0546D5B9029905984E
:10AE600008F0FAFF05460498401E0599486110E075
:10AE70007DB99DF81E0000F0100008B1042508E01F
:10AE800006F0020028B19DF81E0000F0010000B19C
:10AE900007254DB906F0080008B146F040060598B0
:10AEA000806BA0641598E064002D7DD10598007832
:10AEB00004280FD1089820620A9820F0FF009DF81E
:10AEC0001F10084360621998A0622146059802F09D
:10AED000D7FE0CE01599059807F006FBA0601599C0
:10AEE00001F11C0007F013FB0021C4E9040100205C
:10AEF0002065059820600598C088A08084F830609F
:10AF0000002084F8310060640021A163E1634FF404
:10AF1000007104F15400F5F774FD06F020000028DC
:10AF200059D00023D4E9041059405840014352D06D
:10AF3000D4E90401C4E90E01059840894FEA40298B
:10AF4000D4F808A0D4E9047810E05146204601F076
:10AF50003DFA8246BAF1010F00D802250AF101003C
:10AF600000B90125B7EB090768F100082DB90020E9
:10AF7000B9EB070170EB0800E7D3C4F840A09DB916
:10AF80004FF40072002338464146F5F72CFA0021B1
:10AF90004A404B401A431ED051460598FEF71DFA11
:10AFA0000290029818B900E015E0022513E04FF472
:10AFB0000072002338464146F5F715FA0299084415
:10AFC0006064626C05994878012304F15401FFF72D
:10AFD000E7FA00B10125584600F0CAFB0DB1002088
:10AFE000206028467DE673B582B0044614B9092076
:10AFF00004B070BD002201A903A808F0F3FC0546C7
:10B00000002D47D1019820604FF48C6000F0A9FB1F
:10B0100006460EB91120EBE70198C66006F50070F0
:10B02000019908612046039900F053FD05465DBB78
:10B030004B20005D00F08000E8B9A07900F010001E
:10B04000C0B10198007804280ED1A0682062206960
:10B0500020F0FF00E17908436062E06CA0622146C5
:10B06000019802F00DFE06E0E16B019807F03CFA52
:10B07000A06000E005253DB90198C088A0800021AE
:10B080002046FFF7ACF90546304600F071FB042D71
:10B0900000D105250DB1002020602846A8E72DE944
:10B0A000FF4F87B0044615460898039000210A9880
:10B0B000016005A920460CF045FC0690069818B9D9
:10B0C00094F83100069018B106980BB0BDE8F08FE7
:10B0D00094F8300000F0010008B90720F5E7D4E942
:10B0E0000E32D4E90410CF1A60EB0208791B78F114
:10B0F000000000D23D46E1E0D4E90E014FF40072B9
:10B100000023CDE90001F5F76EF900214A404B40DC
:10B110001A437DD1D4E90E014FF400720023CDE92A
:10B120000001F5F760F905994989491E00EA010A0D
:10B13000BAF1000F2BD10023D4E90E015840594039
:10B14000084302D1A068049011E0206D50B1D4E909
:10B150000E0102460B46CDE900012046FEF70CF930
:10B16000049004E02046216C01F030F9049004982A
:10B17000022803D2022084F83100A6E70498401C7C
:10B1800018B9012084F831009FE704982064216CED
:10B190000598FEF722F98146B9F1000F03D102208C
:10B1A00084F8310091E7D1444FEA552BBBF1000FF1
:10B1B0002FD00AEB0B0005994989884203D90598DD
:10B1C0004089A0EB0A0B059948785B464A460399EB
:10B1D000FFF7E6F918B1012084F8310075E794F81B
:10B1E000300000F0800080B1606CA0EB0900584591
:10B1F0000BD2616CA1EB0901039A02EB41204FF4E1
:10B20000007204F15401F5F75BFB4FEA4B2645E071
:10B2100029E0606C484524D094F8300000F08000AC
:10B2200090B1626C05994878012304F15401FFF74D
:10B2300004FA18B1012084F8310046E794F8300090
:10B2400000F07F0084F830000599487801234A46D1
:10B2500004F15401FFF7A4F918B1012084F831007A
:10B2600033E7C4F84490208FC0F30800C0F500769F
:10B27000AE4200D92E46D4E90E014FF400720023ED
:10B28000CDE90001F5F7AFF804F15400104432465F
:10B29000014602900398F5F713FB00BFAD1B0A9817
:10B2A000006881190A980160039830440390D4E93A
:10B2B0000E20921940F10000C4E90E20002D7FF409
:10B2C0001BAF002001E7F8B507460E466946384631
:10B2D0000CF038FB044664BB2EB900213846FFF75A
:10B2E0007EF8044625E04FF48C6000F03AFA0546FB
:10B2F0000DB91120F8BD0098C56005F500700099E2
:10B30000086100213846FEF7D4FE0446042C00D123
:10B3100000245CB93146384601F024F90021384652
:10B32000FEF757FE0446042C00D10024284600F006
:10B330001FFA2046DEE72DE9F04796B0044614A92F
:10B3400020460CF0FFFA0546002D7ED194F830001F
:10B3500000F04000002878D094F8300000F0800021
:10B3600090B1626C14994878012304F15401FFF7FD
:10B3700064F918B1012016B0BDE8F08794F83000E8
:10B3800000F07F0084F8300001F0EAF8824614985B
:10B390000078042875D1204600F0D0FA054635B96A
:10B3A0004FF0FF322046216C00F0E3FA0546002DF5
:10B3B000CBD14FF48C6000F0D4F98146B9F1000F85
:10B3C00001D11120D7E71498C0F80C9009F500704E
:10B3D000149908612146684607F022F90546002DB8
:10B3E0004AD114980069007940F020001499096945
:10B3F0000871E07940F001001499096981F8210091
:10B40000A168149A126902F134000AF08DFCD4E9A3
:10B4100004731499096901F138003A460AF090FC66
:10B42000D4E904731499096901F128003A460AF035
:10B4300087FC1499096901F10C0051460AF074FC6B
:10B44000002014990969487500E046E014990969DB
:10B4500001F1100000210AF067FC68460AF012FEB4
:10B4600005464DB914980AF057FE054694F8300089
:10B4700000F0BF0084F83000484600F079F92CE075
:10B48000FFE7A16C149808F0E7FC05462DBBE66CBD
:10B49000F07A40F02000F0723146A26820680AF08D
:10B4A00031FC06F11C0021690AF03EFC514606F110
:10B4B00016000AF039FC002106F112000AF06EFCB9
:10B4C00001201499C87014980AF026FE054694F8D5
:10B4D000300000F0BF0084F8300028464BE72DE92B
:10B4E000FF4F87B0044615469B46089803900020FE
:10B4F000CBF8000004A920460CF024FA059005982A
:10B5000018B994F83100059018B105980BB0BDE852
:10B51000F08F94F8300000F0020008B90720F5E73A
:10B5200004980078042807D0A06B4019A16B8842CA
:10B5300002D2A06BC0F1FF3507E1D4E90E014FF450
:10B5400000720023CDE90001F4F74DFF00214A40CD
:10B550004B401A437CD1D4E90E014FF40072002312
:10B56000CDE90001F4F73FFF04994989491E00EA3B
:10B57000010ABAF1000F3AD10023D4E90E10594064
:10B580005840014309D1D4F80880B8F1000F16D112
:10B590002046FDF77BFF804611E0206D50B1D4E9D5
:10B5A0000E0102460B46CDE900012046FDF7E4FE00
:10B5B000804604E02046216CFDF768FF8046B8F124
:10B5C000000F00D1C4E0B8F1010F03D1022084F8CC
:10B5D00031009BE708F1010018B9012084F831001F
:10B5E00094E7C4F84080A06808B9C4F8088094F8CB
:10B5F000300000F0800090B1626C0499487801231B
:10B6000004F15401FFF719F818B1012084F8310052
:10B610007CE794F8300000F07F0084F83000216C63
:10B620000498FDF7DAFE07461FB9022084F83100BE
:10B630006CE757444FEA5529B9F1000F2FD00AEBB8
:10B64000090004994989884205D90498408900E095
:10B650003DE0A0EB0A09049948784B463A46039925
:10B66000FEF7EBFF18B1012084F831004EE7606C63
:10B67000C01B484510D2606CC01B039A02EB4021EE
:10B680004FF4007204F15400F5F71AF994F8300001
:10B6900000F07F0084F830004FEA492637E0606C04
:10B6A000B84213D0D4E90431D4E90E20D21A88412B
:10B6B0000CD20499487801233A4604F15401FEF76C
:10B6C0006FFF18B1012084F831001FE76764208FF5
:10B6D000C0F30800C0F50076AE4200D92E46D4E98A
:10B6E0000E014FF400720023CDE90001F4F77BFE58
:10B6F00004F154001044324602900399F5F7E0F843
:10B7000094F8300040F0800084F8300000BFAD1B9A
:10B71000DBF800003044CBF800000398304403907D
:10B72000D4E90E20921940F10000C4E90E20D4E9BA
:10B730000E31D4E90420D21A884102D2D4E90E0194
:10B7400001E0D4E90401C4E90401002D7FF4F5AE61
:10B7500000BF94F8300040F0400084F83000002032
:10B76000D4E610B504462146002008F0F7FC10BDD1
:10B7700010B504462146002008F0DEFC10BD000094
:10B780002DE9F84F04468B461E48D0F805004FEAD5
:10B79000500A802C01DAA04630E01A48D0F80500A3
:10B7A0004FEA50090120C0EB9909002710261CE040
:10B7B000A9EB070007EB50051248D0F8010000EB99
:10B7C000850000EB0A010422684609F071FBBDF810
:10B7D0000000A04200D10AE0BDF80000A04201DA5A
:10B7E0002F4600E0A946701E86B2002EE0D100BFB1
:10B7F00016B1BDF8020000E0002080464046BDE8DA
:10B80000F88F0000988A07242DE9F84F04468B46EC
:10B810004FF0000A802C02D21FFA84F830E01A4858
:10B82000D0F805004FEA50090120C0EB9909002724
:10B8300010261CE0A9EB070007EB50051248D0F8D2
:10B84000010000EB850000EB0A010422684609F0C4
:10B850002FFBBDF80000A04200D10AE0BDF80000B7
:10B86000A04201D22F4600E0A946701E86B2002EEB
:10B87000E0D100BF16B1BDF8020000E00020804614
:10B880004046BDE8F88F0000988A072470B5B0F5EF
:10B89000803F4DD281B2B1F5805F01DA254E00E0E4
:10B8A000254E324600BF32F8023B0BB1994200DA16
:10B8B0003CE032F8024B2512E4B21E198E4230DD14
:10B8C000092D2CD2DFE805F005090F13171B1F23E4
:10B8D0002700CE1A32F8161021E0CE1A06F0010623
:10B8E0008E1BB1B21BE0A1F11006B1B217E0A1F1BD
:10B8F0002006B1B213E0A1F13006B1B20FE0A1F120
:10B900001A06B1B20BE001F10806B1B207E0A1F1ED
:10B910005006B1B203E0A1F5E356B1B200BF00BFDB
:10B9200004E0002DBFD102EB4402BCE700BF084693
:10B9300070BD0000C8AB0108BAAD01082DE9F041A7
:10B940000446E079032812D1A568A7690BE06A1CB8
:10B950002946206809F0FAFD064616B13046BDE8D2
:10B96000F0816D1C7F1E002FF1D10020E0710020BE
:10B97000F5E72DE9F04104460D46174616E0E36968
:10B98000012B03D9E369EB1A9B1C00E03B461A46E6
:10B99000E369EB1A591C206809F0D8FD064616B178
:10B9A0003046BDE8F081E069401EE061E0690028B2
:10B9B000E5D100BFF5E72DE9F74F05460E46B61E67
:10B9C000E869801EB04200D800263446A2464FF0F7
:10B9D000000B00BF686B00EB1431284608F03CFAFE
:10B9E00018B14FF0FF30BDE8FE8FC4F3C80904F072
:10B9F000070101208840C7B200BF00BF05F13C002D
:10BA000010F8090000EA07087806070E601C0446D3
:10BA1000E969891E884203D3002400274FF4007986
:10BA2000B8F1000F08D10BF101008346029988425A
:10BA300005D10AF10200D6E7A2464FF0000BB4424E
:10BA400001D10020CFE7002FD8D1012709F1010053
:10BA50008146B0F5007FD0D3BCE72DE9FF41074612
:10BA60000D4600213846FDF705FC0646022E06D09D
:10BA7000032E00D21DB9304604B0BDE8F08100BFEE
:10BA800000240AE007F5FD7101EB041101F1080043
:10BA900006F03DFD4DF82400641C042CF2D30DB1DA
:10BAA000681E00E00020044600BF5DF8240028B1B5
:10BAB0005DF824103846FDF7DDFB00E00320064664
:10BAC0002DB9022E03D3601C04460428EDD3304662
:10BAD000D2E72DE9F3410446276802E00198401CB3
:10BAE0000190019800782F28F8D0019800785C2800
:10BAF000F4D00020A060E06101980078202808D2EE
:10BB000080214B20015500212046FEF768FC0546A8
:10BB10003EE000BF01A92046FDF7C6FE054605B17F
:10BB200035E02046FEF781F905464B20065D3DB124
:10BB3000042D04D100BF06F0040000B9052526E05D
:10BB400006F0040000B122E0A07900F0100008B96E
:10BB500005251CE0387804280ED1A06820622069F1
:10BB600020F0FF00E17908436062E06CA0622146AA
:10BB7000384602F085F809E0208EC0F3080207F18C
:10BB80003C001118384606F0AFFCA060C2E700BFC9
:10BB90002846BDE8FC81000010B500240FE0601CC1
:10BBA000C4B229224FF0C8710A4809F081F9094846
:10BBB0000078AA2800D104E01420FEF769F80A2CC6
:10BBC000EDDB00BF03480078AA2801D0012010BD9A
:10BBD0000020FCE7988A072400BF054AD26902F0DA
:10BBE0004002002AF9D0C2B2014B9A6270470000AD
:10BBF0000010014038B504464FF0AA3000900949C2
:10BC0000897901FB04F004236A46002109F0BCF89D
:10BC1000044989796143481C04236A46002109F0DC
:10BC2000B3F838BD400500242DE9FC4704460D4615
:10BC300000275DE04FF0000820E001A830490090A7
:10BC4000B1F802904FEAE97109EB91718B102C4920
:10BC5000897901FB04F02A46002108F0D1FE284929
:10BC60004888C11700EB9171BDF80420B2EBA10F19
:10BC700000D007E008F101001FFA80F82048807921
:10BC80004045DADC00BF1E488079404502D10020E3
:10BC9000BDE8FC87204608F069FC064626B1394617
:10BCA00018A0F4F717FC21E0681CF8B100200190FF
:10BCB00016E01349B1F802904FEAE97109EB91716E
:10BCC0008B100F498979BDF8042004FB0120002264
:10BCD000114608F05FFFBDF80400401C80B20190DF
:10BCE00007488079BDF804108842E2DC781C87B2EE
:10BCF000032F9FDB214609A0F4F7ECFB0120C7E7E7
:10BD0000400500246572726F722065726173652050
:10BD1000626C6F636B3A25640D0A000062616420F7
:10BD2000626C6F636B20636865636B65643A25645E
:10BD30000D0A00002DE9FE4F81460F4692461D4632
:10BD40000024002002908046019000263B48807924
:10BD5000B9FBF0F839488079B9FBF0F100FB11909C
:10BD6000019000BF404600F0E1F8064633484089A4
:10BD7000B04202D20120BDE8FE8F00243AE00198D3
:10BD8000844221D305B32D484088C01BA84205D268
:10BD90002A484088C01B1FFA80FB01E01FFA85FB80
:10BDA000264ACDF800B0927906FB0241234A9279E7
:10BDB00008FB024053463A4608F048FA0290002732
:10BDC000DA44A5EB0B050AE01C4A927906FB024116
:10BDD0001A4A927908FB024008F0D4F902900298BE
:10BDE00030B13046FFF706FF012000F029F8B9E72F
:10BDF000601C84B211488079A042C0DC0F48807971
:10BE0000A04219D1304600F0A7F9404608F0AEFB39
:10BE100000240CE00948406930F81400404504D182
:10BE20000649496921F8146005E0601C84B20348A2
:10BE30004089A042EEDC00BF00209CE740050024C2
:10BE4000F8B505460026002406E04FF6FF7030499D
:10BE5000496921F81400641C2D484089A042F4D897
:10BE600000202B498881002433E02949897901FB8E
:10BE700004F004236A46002108F00AFE9DF8000041
:10BE8000FF2809D145B1224989796143481C012322
:10BE90006A46002108F0FCFD9DF80000FF2813D140
:10BEA0009DF802009DF8031000EB01261848408918
:10BEB000B04203D91649496921F8164014488089CF
:10BEC000401C1349888103E0214612A0F4F702FBCD
:10BED000641C0F484089A042C7D800240BE00C48DE
:10BEE000406930F814000A494989884202DB084950
:10BEF000CC8104E0641C06484089A042EFD800BF12
:10BF00000348C089642801DA0220F8BD0020FCE75C
:10BF10004005002462616420626C6F636B20696E6F
:10BF20006465783A25640D0A0000000070B5054686
:10BF3000002418484089401E17490968884204D2E5
:10BF400014484089401E1449086005F00101124858
:10BF5000006800F023F80446601C90B90D48408941
:10BF6000401E0D49096888420BD90A484089401E85
:10BF70000949086005F001010748006800F00EF863
:10BF80000446601C10B94FF0FF3070BD02480460D9
:10BF90002046FAE74005002438000024F8B505469D
:10BFA0000E460020009000246C1C14E0601E00F07F
:10BFB0000100B0420ED1611E094A927901FB02F0E4
:10BFC00004236A46002108F063FD0098401C08B96C
:10BFD000601EF8BD641E002CE8D1601EF9E7000069
:10BFE00040050024014600220648C089884202D24A
:10BFF0004FF6FF7070470348406930F81120104633
:10C00000F8E70000400500242DE9FF4F83B01446F7
:10C010009A460026002500BF97E04E48408890FBD6
:10C02000F4F04C498979484304992944B1FBF0F074
:10C0300002900298FFF7D6FF83464648418959454A
:10C0400003D8012007B0BDE8F08F4248408890FB3C
:10C05000F4F040498979484304992944B1FBF0F24E
:10C0600000FB1210604301903A4841880198B0FBF0
:10C07000F1F0384989790BFB01083648418801986D
:10C08000B0FBF1F201FB120932484088A0EB090035
:10C09000B0FBF4F087B2AAEB0500B84202D2AAEBDB
:10C0A000050087B207FB04F083B21FFA89F140460E
:10C0B000039A08F057FB0646032E39D107FB04F01C
:10C0C00083B21FFA89F14046039A08F04BFB0646FB
:10C0D000032E2DD107FB04F31FFA89F14046039A82
:10C0E000FFF728FE1B488079B8FBF0F0311F009065
:10C0F000FFF79AFD06467EB916488079B8FBF0F046
:10C1000000210090FFF790FD064612488079B8FBA9
:10C11000F0F0009008F02AFA4EB10E488079B8FB92
:10C12000F0F00090FFF766FD0120FFF789FE002682
:10C13000042E00D100260EB1022083E7039804FBF1
:10C1400007000390781E05446D1C5545FFF465AF4C
:10C15000002077E74005002438B50446CC20009045
:10C1600000250649897901FB04F001236A46194636
:10C1700008F00AFE0546284638BD000040050024A8
:10C180002DE9FF4F87B014469A464FF0000B00256B
:10C19000681E029000BFA7E05648408890FBF4F06C
:10C1A00054498979484308992944B1FBF0F0059036
:10C1B0000598FFF717FF06464E484189B14203D85C
:10C1C00001200BB0BDE8F08F4A48408890FBF4F0A6
:10C1D00048498979484308992944B1FBF0F200FBAA
:10C1E000121060430390434841880398B0FBF1F07C
:10C1F0004049897906FB010004903E484188039834
:10C20000B0FBF1F201FB12093A484088A0EB0900AB
:10C2100080B20690BDF8180090FBF4F080B2069052
:10C22000AAEB050087B2BDF81800874201DBBDF814
:10C23000187007FB04F806A81FFA89F1C8F38F03EA
:10C240004FF0FF320090049808F0DAFB8346BBF110
:10C25000000F01D00220B4E7BDF81800B0EB980F32
:10C2600009D11FFA88F31FFA89F1079A049808F098
:10C27000C7FC834601E04FF0010BBBF1000F07D173
:10C280000298B04204D03046FFF766FF834602961C
:10C29000BBF1000F22D017488079164949884843DE
:10C2A0000399401AB0FBF4F080B20690AAEB0500A7
:10C2B00087B2BDF81800874201DBBDF8187007FB94
:10C2C00004F81FFA89F14346079A0498FFF732FDF4
:10C2D0008346BBF1000F01D0032072E7781E0544AE
:10C2E0000798404407906D1C5545FFF455AF00205A
:10C2F00067E70000400500242DE9FF4F83B00746A3
:10C3000091461E4604980168396041687960018948
:10C310003981807AB872052E19D9B04612E039F801
:10C3200002BB00240CE0584668F35F0080464FEAE9
:10C330006B0B08F4803010B1234888EA0008641CB5
:10C34000102CF0D3B9F800000028E8D146460724A5
:10C3500000BF06F00F0000F1300A3609BAF1390FBC
:10C3600003DD0AF1070000F0FF0A2046641E01A960
:10C3700001F800A00CB1002EEBD17E2001A90855D8
:10C38000002509E0785DFDF73FFC20B1601EA84262
:10C3900000D106E06D1C6D1CA54202D2785D2028FC
:10C3A000F0D100BF00BF082C04D22046641C01A9B4
:10C3B000085C00E0202029466D1C7854082DF2D33B
:10C3C00007B0BDE8F08F0000211001002DE9FC5FEF
:10C3D00006460C463568022C02D3E869A04202D812
:10C3E0004FF00109B9E04FF0FF392878012806D055
:10C3F000022830D0032841D004287CD152E02746BF
:10C4000007EB5707A86A00EB5721284607F024FDE1
:10C4100000B1A1E038467F1CC0F3080105F13C00E3
:10C4200010F80180A86A00EB5721284607F014FD98
:10C4300000B191E0C7F3080105F13C00405C48EA17
:10C44000002804F0010010B14FEA181001E0C8F311
:10C450000B00814680E0A86A00EB1421284607F013
:10C46000FBFC00B178E040F2FF1101EA440205F163
:10C470003C01501806F088F881466DE0A86A00EB90
:10C48000D411284607F0E8FC00B165E040F2FF1146
:10C4900001EA840205F13C01501806F038F820F05A
:10C4A000704959E00023D6E904105940584001432F
:10C4B00001D0B06808B9F07990BBB068A4EB000A6D
:10C4C000D6E904305A1E60F10000CDE900204FF497
:10C4D00000720023DDE90001F3F785FF6989B0FBF5
:10C4E000F1FBF07902280AD1DA4508D8DA4503D100
:10C4F0006FF0004001E02CE0601C81462CE0F079F8
:10C50000032805D1B069504502D904F1010923E09F
:10C51000F079022819D0F06918B16FF0004913E0E2
:10C5200014E0A86A00EBD411284607F095FC00B18E
:10C5300012E040F2FF1101EA840205F13C015018BB
:10C5400005F0E5FF20F0004906E000BF4FF00109CB
:10C5500002E04FF0010900BF00BF4846BDE8FC9F64
:10C56000002070472DE9FC5F80460C46D8F800900B
:10C570000020A076D8F8380008B9BDE8FC9F99F8EB
:10C580000000042874D10020009040270025824636
:10C5900030E0B7F5187F01D3002532E007F01F0027
:10C5A00000B9BF1CD9F81010C81905F0EDFF0646F8
:10C5B000BF1C0098401C0090BAF1000F07D1B6F5DF
:10C5C000584F04DBB6F5604F01DAB24612E0C5F110
:10C5D000FF0204F11A03591946EA0A4009F098F8D3
:10C5E0008346BBF1000F01D100250AE05D444FF006
:10C5F000000A00BFD9F8100090F82310009881427B
:10C60000C7D800BFBAF1000F00D000252DB93F22D6
:10C6100028466D1C04F11A010A54002104F11A0085
:10C62000415500206073D9F81000007900F0370000
:10C630002073207B00F0100010B10020014605E0BF
:10C64000D9F8101001F1380005F06DFFC4E90001C0
:10C65000D9F8101001F10C0005F096FF6081D9F8AF
:10C66000101001F10E0005F08FFF208185E7FFE734
:10C67000D8F84C00401CB0B300252F46AA4623E052
:10C6800038467F1CD9F80C2032F81060BAF1000F40
:10C6900007D1B6F5584F04DBB6F5604F01DAB24664
:10C6A00012E0C5F1FF0204F11A03591946EA0A40E3
:10C6B00009F02EF88346BBF1000F01D1002509E0F7
:10C6C0005D444FF0000A00BFD9F80C0030F81700A5
:10C6D0000028D5D100BFBAF1000F00D000250021FD
:10C6E00004F11A0041550020054607461AE0384675
:10C6F0007F1CD8F83C20165C202E00D112E0052EBD
:10C7000000D1E526092F07D10C2D05D22E2228466F
:10C710006D1C04F10D010A5428466D1C04F10D0135
:10C720000E5400BF0B2FE2D3002104F10D00415540
:10C73000A07EA8BB35B93F2228466D1C04F11A0122
:10C740000A5423E00020054607460820019018E01F
:10C7500004F10D00C65D2E2E01D110200190412E56
:10C760000ADB5A2E08DCD8F83C00007B019908400F
:10C7700010B106F1200086B204F11A0046557F1C64
:10C780006D1C04F10D00C05D0028E1D1002104F111
:10C790001A004155D8F83C00007B08B900206073AE
:10C7A000D8F83C00C07A00F03F002073D8F83C1065
:10C7B00001F11C0005F0ABFE0021C4E90001D8F82E
:10C7C0003C1001F1160005F0DFFE6081D8F83C1046
:10C7D00001F1180005F0D8FE208100BFCDE670B54C
:10C7E00004464FF0FF3026683146324601B970BD2D
:10C7F00000BF12F8013B202B01D33A2BF9D13A2B81
:10C8000011D103250E78302E08DB0E78392E05DC89
:10C810008E1C964202D10E78A6F13005032D01DA66
:10C8200028462260E3E7002000BFE0E710B5044897
:10C83000F8F761FD042801D0012010BD0020FCE7BD
:10C840009C0500243EB504466B46062201A92046FD
:10C85000FEF725FC05460DB101203EBD9DF8040004
:10C86000472817D19DF80500492813D19DF80600E7
:10C8700046280FD19DF8070038280BD19DF80800F5
:10C88000372803D09DF80800392803D19DF8090006
:10C89000612801D00220E0E70020DEE70FB42DE997
:10C8A000F84F074688461446617904F1100000EB02
:10C8B0004100B0F800B0BDF8380010B1BDF83A0042
:10C8C00018B9BDE8F80F5DF814FBB4F80900BDF81D
:10C8D000361088422ADDBDF8340038441FFA80F94A
:10C8E000BDF8360040441FFA80FABDF834003844E1
:10C8F000BDF838100844401E85B2B4F80900404421
:10C90000401E86B2A94511DAB2450FDAB5F5A07F0F
:10C910000CDAB6F5A07F09DA5C48CDF800B03346F2
:10C920002A465146D0F808C04846E047B4F8070008
:10C93000BDF8341088422ADDBDF8340038441FFAAF
:10C9400080F9BDF8360040441FFA80FAB4F80700B9
:10C950003844401E85B2BDF836004044BDF83A1058
:10C960000844401E86B2A94511DAB2450FDAB5F582
:10C97000A07F0CDAB6F5A07F09DA4448CDF800B004
:10C9800033462A465146D0F808C04846E047B4F836
:10C990000910B4F80D000844BDF83610BDF83A206F
:10C9A0001144884232DABDF8340038441FFA80F965
:10C9B000B4F8090000EB0801B4F80D000844401E6B
:10C9C0001FFA80FABDF834003844BDF83810084426
:10C9D000401E85B2BDF836004044BDF83A10084408
:10C9E000401E86B2A94511DAB2450FDAB5F5A07F2F
:10C9F0000CDAB6F5A07F09DA2448CDF800B033464A
:10CA00002A465146D0F808C04846E047B4F8071017
:10CA1000B4F80B000844BDF83410BDF838201144B8
:10CA2000884231DAB4F80700C119B4F80B000844A1
:10CA3000401E1FFA80F9BDF8360040441FFA80FA04
:10CA4000BDF834003844BDF838100844401E85B2A3
:10CA5000BDF836004044BDF83A100844401E86B286
:10CA6000A94511DAB2450FDAB5F5A07F0CDAB6F5B3
:10CA7000A07F09DA0548CDF800B033462A46514672
:10CA8000D0F808C04846E04700BF1AE7EC8A072400
:10CA90002DE9F84F81460E4617469846DDF828A046
:10CAA0000025002000904FF4167008F048FD8346E2
:10CAB000BBF1000F00D111254FF4836008F03FFD5A
:10CAC000044604B9112543F6F44008F038FDC4F8D3
:10CAD0001404D4F8140400B91125002D5ED10122EC
:10CAE00049465846FEF7F6F80546002D53D15846FC
:10CAF000FFF7A8FE00B127252146584600F05EFA50
:10CB000000B127252088404502DC6088504501DDC2
:10CB100028250FE02188A8EB010000EBD07106EB7F
:10CB200061018EB26188AAEB010000EBD07107EBC6
:10CB300061018FB201202049087026E03B46324651
:10CB40002146584600F046F90546E07B00F080009B
:10CB500010B1204600F0B0FDB4F8120410B102206C
:10CB6000009001E00220009002E00A20FDF790F81A
:10CB70000098411E89B2009118B10F480078002832
:10CB8000F3D1022D01D1002504E00B48007808B153
:10CB9000002DD3D000BF5846FDF728FE584608F0B8
:10CBA000C7FCD4F8140408F0C3FC204608F0C0FC0D
:10CBB0002846BDE8F88F0000DA0100242DE9FF4F78
:10CBC0008BB00C469A46DDF860B0B4F80B000490C8
:10CBD000B4F80D0003900D9904980844401E059088
:10CBE000617904F1100000EB41000088019004F12C
:10CBF000100000900AAB012209A90B98FEF74FFA2A
:10CC00009DF82410204600F09BFCE07B00F04000E3
:10CC100006900020089056460790CEE000277D1E23
:10CC2000DDF8348082E0D4F8140400F54050D0F8E8
:10CC3000BC0CD4F8141443F20212114488420FD9E8
:10CC4000D4F8140400F54050D0F8BC0C401ED4F8C1
:10CC5000141401F54051C1F8BC0C90F8009004E0A8
:10CC600021460B9800F0CDF9814609F1020018B970
:10CC700000200FB0BDE8F08FB9F1000F03DBB4F86E
:10CC80001004484501DC0120F3E7A94504D10598CB
:10CC9000804501DC7F1C46E03FB35D4514D0DDF8E4
:10CCA00000E03EF8153007F1010E1FFA8EF2B1B226
:10CCB000A8EB070EAEF1010E1FFA8EF0DFF808E1C7
:10CCC000DEF80CC0E0470EE0199802280BD17B1C5F
:10CCD0009AB2B1B2A8EB07035B1E98B23A4BD3F8F5
:10CCE0000CC0019BE04700271DE0002D1BDB5D45CC
:10CCF0000ED0DDF800C03CF81520B1B2A8F1010C4F
:10CD00001FFA8CF0DFF8C0C0DCF8043098470AE066
:10CD10001998022807D1B1B2A8F1010290B22A4AAB
:10CD20005368019A98474D4608F1010805988045D7
:10CD30007FF779AF5D4502D11998022825D15D456D
:10CD400004D0009830F81500029001E0019802909C
:10CD5000A7B1DDF808E01FFA8EF307F1010E1FFA04
:10CD60008EF2B1B2A8EB070EAEF1010E1FFA8EF0F3
:10CD7000DFF854E0DEF80CC0E04706E0B1B2059AF7
:10CD800090B2114A5368029A9847069888B10F49A1
:10CD90000798085C0644A6EB0A010398814209DB68
:10CDA0000798401C07900A490798085C00EB0A06A0
:10CDB00000E0761C0898401C089003990898884267
:10CDC000FFF62CAF002054E7EC8A072496AE01084A
:10CDD0009AAE01082DE9F0438BB080460C4615460B
:10CDE0001E464FF0FF30049000BF0AAB012203A99A
:10CDF0004046FEF754F907461FB101200BB0BDE8CD
:10CE0000F0839DF80C0021287BD02C2802D03B28F1
:10CE10006CD174E0B4F80700ADF81800B4F809005C
:10CE2000ADF81A00B4F80B00ADF81C00B4F80D0012
:10CE3000ADF81E000AAB0922E11D4046FEF72FF9AE
:10CE400007460FB10120D9E7E07B00F0800088B1F0
:10CE5000204600F044FCE07B00F0070102208840FF
:10CE60001FFA80F94A462146404600F0B5FB08B15A
:10CE70000120C3E79DF8140002280BD10798009009
:10CE80009DF820008DF80400224631462846069B76
:10CE9000FFF704FD9DF814000499CDE90010B4F8E3
:10CEA0000900304483B2B4F80700284482B2214616
:10CEB0004046FFF783FE17E00AAB012209A940466E
:10CEC000FEF7EDF89DF8240000B910E0D8F838001E
:10CED0000A909DF824200A9881180A4600234046AB
:10CEE000FDF797FC00B102E0E6E70AE014E000BFBE
:10CEF0009DF8240008B1012080E700207EE7022091
:10CF00007CE705AB04AA2146404600F085FB0746B6
:10CF10000FB1012072E701E001206FE700BF9DF82B
:10CF20000C003B287FF461AF002067E70246002138
:10CF30000AE0074810F83100904204D1044800EBA1
:10CF4000C10040687047491C1529F2D30020F9E759
:10CF5000147A01082DE9FC4105460E4617466B463A
:10CF6000012201A92846FEF79AF89DF8040010B3A3
:10CF7000C6B19DF80400B8420CDDAC6B9DF804000E
:10CF800021180A4600232846FDF743FC9DF80400BB
:10CF9000BDE8FC816B469DF8042031462846FEF72B
:10CFA0007EF808E0AC6B9DF8040021180A460023C7
:10CFB0002846FDF72EFC9DF80400E9E7F8B5054684
:10CFC0000C466B46072221462846FEF768F80646BF
:10CFD0000EB10120F8BD207900F0800078B12079F1
:10CFE00000F0070102208840A4F81004B4F81024CF
:10CFF0002146284600F0F0FA08B10120EAE70020B7
:10D00000E8E72DE9F04180460C469DE1D4F8140490
:10D0100000F54050D0F8E40CA8427DD1D4F81404B7
:10D0200000F54050D0F8E40CB0F5805F03DB4FF022
:10D03000FF30BDE8F081D4F8141401F581704FF48D
:10D040000052002107F06EF8002606E0D4F8141410
:10D0500042F2021211448E55761CD4F8140400F5E5
:10D060004050D0F8E40CB042F0DC04F214442068E4
:10D0700000F54050D0F8D80C401C216801F5405113
:10D08000C1F8D40C206800F54050D0F8E40C410001
:10D09000206800F54050C0F8E01C206800F54050C2
:10D0A000D0F8E40C801C216801F54051C1F8DC0C7B
:10D0B000206843F202110144A4F2144400F54050E8
:10D0C000C0F8BC1C00BF2146404600F047F9D4F828
:10D0D000141401F54051C1F8EC0CD4F8140400F517
:10D0E0004050D0F8EC1CD4F8140400F54050D0F8AF
:10D0F000E40C8142E7D0D4F8140400F54050D0F895
:10D10000EC1CD4F8140400F54050C0F8F01CD4F81E
:10D11000140400F5405000E002E0D0F8EC0C88E781
:10D12000D4F8140400F54050D0F8E80CA84202D11D
:10D130006FF001007DE72F46D4F8140400F540504D
:10D14000D0F8DC0CA8421EDC04F21444206800F580
:10D15000405090F8EC2C206800F54050D0F8BC3CD2
:10D16000206800F54050D0F8BC1C491C206800F530
:10D170004050C0F8BC1C1A702068A4F2144400F59A
:10D180004050D0F8F05C3AE004F21444206842F2D7
:10D1900002110844425D206800F54050D0F8BC3CC4
:10D1A000206800F54050D0F8BC0C401C216801F507
:10D1B0004051C1F8BC0C1A702068A4F2144400F568
:10D1C000817030F91500A84201D1284631E7D4F822
:10D1D000140400F54050D0F8BC0CD4F8141443F2F9
:10D1E00002121144401A40F6B831884201D3284651
:10D1F0001FE7D4F8140400F5817030F91550D4F805
:10D20000140400F54050D0F8E40CA842BCDD04F250
:10D210001444206842F202110844425D206800F57F
:10D220004050C0F8EC2C206800F54050D0F8BC3CD1
:10D23000206800F54050D0F8BC0C411C206800F577
:10D240004050C0F8BC1C1A702068A4F2144400F5C9
:10D250004050D0F8DC0C0546B0F5805F52DA04F29D
:10D260001444206800F54050B0F8F00C01B220687A
:10D2700000F5817020F81510206800F5405090F8F6
:10D28000EC0C216842F2021211444855206800F566
:10D290004050D0F8DC0C401C216801F54051C1F829
:10D2A000DC0C206800F54050D0F8DC1C2068A4F2AB
:10D2B000144400F54050D0F8E00C814222DBD4F851
:10D2C000140400F54050D0F8E00CB0F5805F19DA96
:10D2D000D4F8140400F54050D0F8E00C4100D4F824
:10D2E000140400F54050C0F8E01CD4F8140400F514
:10D2F0004050D0F8D40C401CD4F8141401F540511F
:10D30000C1F8D40CD4F8140400F54050C0F8F07CF7
:10D31000D4F8140400F54050D0F8BC0CD4F8141420
:10D3200043F20212114488420ED9D4F8140400F5D5
:10D330004050D0F8BC0C401ED4F8141401F54051F4
:10D34000C1F8BC0C007874E62146404600F006F8AF
:10D35000051EBFF65BAE28466BE600002DE9F047E0
:10D3600082460C46D4F8140400F54050D0F8D00C96
:10D3700070B10021D4F8140400F54050C0F8D01C5E
:10D38000D4F8140400F54050D0F8E40CBDE8F08760
:10D39000D4F8140400F54050D0F8C01CD4F814049C
:10D3A00000F54050D0F8D40C01EB0009D4F8140477
:10D3B00000F54050D0F8C40C48455FDCD4F81404A4
:10D3C00000F54050D0F8C80C10B14FF0FF30DDE749
:10D3D00004F21444216843F6CC404058801E085C97
:10D3E0000870216843F6CC404058401E085C4870E5
:10D3F0002068A4F21444811C4FF496725046FFF743
:10D40000A9FD071E06D10121D4F8140400F54050EF
:10D41000C0F8C81C002F02DA4FF0FF30B6E7B81C86
:10D4200004F21444216801F54051C1F8CC0C206885
:10D4300000F54050D0F8C01C206800F54050D0F8EE
:10D44000C40C081A1030216801F54051C1F8C00C15
:10D45000B81CC100206800F54050C0F8C41C20680A
:10D4600000F54050D0F8C01C2068A4F2144400F528
:10D470004050D0F8D40C01EB000900BF4FEAE90896
:10D48000D4F8140400F54050D0F8C00CC510454540
:10D4900003D1D4F81404465D19E0681C404508D156
:10D4A000D4F81404415D0246681C105C41EA002671
:10D4B0000DE0D4F81404415D0246681C105C41EA9A
:10D4C0000021D4F81424A81C105C41EA004604F2A0
:10D4D0001444206800F5405090F8C00C00F007019B
:10D4E00046FA01F0216801F54051D1F8D41C0C4AEC
:10D4F00032F8111000EA0106206800F54050D0F81B
:10D50000C01C206800F54050D0F8D40C01442068BD
:10D51000A4F2144400F54050C0F8C01C304635E772
:10D5200076AE010810B501460878C208487883082D
:10D530008878C40804EB431000EBC22080B210BD11
:10D5400070B504460D4604F21444206843F6F442D4
:10D55000002106F0E7FD206800F54050C0F8D85CD7
:10D56000681C216801F54051C1F8D40C0120A84085
:10D57000216801F54051C1F8E40C0120A840401C8D
:10D58000216801F54051C1F8E80C0120A840801C39
:10D59000216801F54051C1F8DC0C0120A840410090
:10D5A000206800F54050C0F8E01C0121206800F51B
:10D5B0004050C0F8D01C0221206800F54050C0F84F
:10D5C000CC1C206843F202110144A4F2144400F57B
:10D5D0004050C0F8BC1C70BD2DE9FC4180460E4691
:10D5E0001746002414E06B46032201A94046FDF7CC
:10D5F00056FD054615B10120BDE8FC8101A8FFF7E5
:10D6000091FF06F1100101EB44010880601C84B217
:10D61000BC42E8DB0020EFE7FEB507460C461546A6
:10D620001E4601AB012202A93846FDF738FD9DF8E0
:10D630000800012806D0F92811D0FE2804D0FF28C0
:10D6400038D100E000BF00BF00BF4FF4807200215E
:10D650003846FFF77FFC0028F7DC0020FEBD0422DF
:10D6600069463846FFF776FC042801D00120F5E72B
:10D670009DF801009DF8021040EA0120A4F8120470
:10D680009DF80000C0F3820030709DF8000000F0AB
:10D69000010010B19DF80300286001AB012202A92E
:10D6A0003846FDF7FCFC9DF8080008B10120D5E7DD
:10D6B0000020D3E70120D1E70146002000BF0BE0A6
:10D6C00001F5047202EB4002138801F1100202EB33
:10D6D00040021380421C90B2FF28F1DD70470146E2
:10D6E000002000BF0BE001F1100202EB40021388A2
:10D6F00001F5047202EB40021380421C90B2FF2835
:10D70000F1DD70472DE9FE4F06460027002002900C
:10D71000019080460024E74800F0F0FC054615B172
:10D720000120BDE8FE8F4FF41671052006F016FDAE
:10D730008146012231464846FDF7CCFA40B1DD482A
:10D7400000F0B7FC4946052006F0F6FC0220E8E7A9
:10D75000D9480088D84A528850434100012006F039
:10D76000FDFC0746D34800F01DFD002425E004EB36
:10D770004402D048143000EB820001AB4FF48052D9
:10D7800041684846FDF78BFC05468DB9019878B194
:10D79000019881B204EB4402C648143000EB8200C9
:10D7A0000181012104EB4402C248143000F8221028
:10D7B000019800B903E0601CC4B20A2CD7DB00BF9B
:10D7C000BC4A918B906900F0A3FFBC48BC4908603B
:10D7D000BC48BD490860BD48BD490860BD48BE4958
:10D7E000086001F01BF830E1B24890F8A50000EBAA
:10D7F0004001B048143010F8210000286CD1B8F175
:10D80000000F69D1AB4890F8A50000EB4002A94891
:10D81000143000EB820001AB4FF48052416848465F
:10D82000FDF73DFC0546C5B90198B0B1019881B23C
:10D83000A04890F8A50000EB40029E48143000EB91
:10D840008200018101219B4890F8A50000EB400275
:10D850009848143000F8221005E0019818B900200B
:10D8600002904FF00108934890F8A600012824D1B7
:10D87000904890F8A40000EB40018E48143010F856
:10D880002100012819D18B4A92F8A42002EB42030F
:10D89000884A143202EB83021189864A92F8A42046
:10D8A00002EB4203834A143202EB8302506800F019
:10D8B00099FF00207F4981F8A6007E4890F8A500D6
:10D8C000401C7C4981F8A500084690F8A5000A286C
:10D8D00002DB002081F8A500764890F8A70000EB55
:10D8E000400174488C3010F82100012870D100BF2D
:10D8F0000023DFF8E8C1CCF8003000BF00BF00BF54
:10D9000000BFBFF34F8F00BF00BF00BFACF10403E7
:10D910001868C0F34E3100BFC0F3C90200BF43F620
:10D92000E07303EA41134FF0404C0CEA827C43EA77
:10D930000C03DFF8ACC1CCF8003000BF00BF131EF1
:10D94000A2F10102EBD10B1EA1F10101E4D100BF54
:10D9500000BF00BFBFF34F8F00BF00BF00BF00BFBD
:10D9600000BF00BFBFF36F8F00BF00BF00BF00BF8D
:10D970003946504800F084FC00214E4890F8A7003A
:10D9800000EB40024B488C3000F822108C3890F8A5
:10D99000A70000EB400247488C3000EB8200018179
:10D9A000444890F8A700401C424981F8A700084667
:10D9B00090F8A700022802DB002081F8A7003D486C
:10D9C000B0F8B2003B498968884222D33EE0FFE7C5
:10D9D000384890F8A90001281BD1364890F8A800D3
:10D9E00000EB400133488C3010F8210088B9314AEF
:10D9F000D2F8AC1092F8A82002EB42032D4A8C32E8
:10DA000002EB8302506800F0C9FF0020294981F829
:10DA1000A9000298401C0290264890F8AA0003280A
:10DA200001D1022512E0B8F1000F0ED0214890F884
:10DA3000AA0028B91F4890F8A600012800D105E0E7
:10DA40000298B0F5802F00D300E0CDE600BF194862
:10DA500090F8AA0002281DD1DFF858A00097BAF864
:10DA600008A01FFA8AF3DFF84CA0BAF80CA01FFA3E
:10DA70008AF2DFF870A0BAF81CA01FFA8AF1DFF86A
:10DA800064A0BAF818A01FFA8AF0DFF85CA0DAF8F0
:10DA900010C0E0474846FCF7A9FE4946052006F0BD
:10DAA0004BFB3946012006F047FB024800F001FB22
:10DAB000284636E6008B07248C03002495E30008F3
:10DAC000400000242DE400084400002455E500082F
:10DAD0004800002429E600084C00002484ED00E002
:10DAE00074EF00E0C48A0724EC8A07242DE9F04F84
:10DAF00087B004460E469046D4F800A0D4F804B08F
:10DB000000200690207BC11700EBD1614911A0EBEA
:10DB100041170120B840401E216E0140019131E0C3
:10DB200094F8640008B1FF2526E0BAF1000F11D186
:10DB3000D4F808B04FF4806259462046D4F88C30AF
:10DB400098478246BAF1000F04D16FF0010007B088
:10DB5000BDE8F08F1BF8015BAAF1010A069830B10D
:10DB6000002006900DB184F86450FF2504E0FF2DDD
:10DB700002D10120069005E0019845EA00200190BD
:10DB8000083700BF102FCBD3C4F800A0C4F804B0EE
:10DB900001982066A7F10A01019820FA01F5B8F171
:10DBA000000F0ED004F16C0050F8260030F815502C
:10DBB0004FF6FF70854211D0A7EB15202073E8B215
:10DBC000C5E704F1740050F82600455DFF2D05D02F
:10DBD000A7EB1510207305F00F00B8E704F1200043
:10DBE00000EBC60050F828000A30059004F1300020
:10DBF00000EBC60050F8281004F1650000EB460069
:10DC000010F8080001EB4000039004F1400000EB25
:10DC1000C60050F8281004F1650000EB460010F82B
:10DC20000800084404904FF00B0923E005980078A1
:10DC300002900598401C05900298C8B1A7EB090115
:10DC4000019820FA01F500BF039830F8021B0390F9
:10DC5000A94205D1A7EB090020730498007876E764
:10DC60000498401C04900298401E02900028EBD1BA
:10DC700009F10109B9F1100FD8D96FF0050066E775
:10DC800070B505460C46296901F1340004F03FFCEB
:10DC9000A060296901F1380004F045FCC4E90401E1
:10DCA000286990F8210000F00200E0710020E06196
:10DCB00070BD2DE9F74F82B004461746032F03DDF0
:10DCC000052005B0BDE8F08F6773A07B4FEAC0095F
:10DCD000E07B4FEAC00A0021A182E18221838B46CA
:10DCE000CDF804B0002500262FE04FF0000828E012
:10DCF000608BA0B15846411C1FFA81FB618B8842A2
:10DD00000DD10198421C92B201462046019207F0C3
:10DD100099FE05460DB12846D3E74FF0010B20468A
:10DD200005F04AFB05460DB12846CAE73346424690
:10DD30002046039905F026FC05460DB12846C0E7AC
:10DD4000C844A08B4045D3D85644E08BB042CCD8D1
:10DD50002846B6E72DE9FF4F81B0044694212046BE
:10DD6000F2F74FFE039844F8840F0498606002981D
:10DD7000A0600E98E060843C4FF480612046FAF782
:10DD800082FF0546A0601DB9032005B0BDE8F08FF5
:10DD90004FF00009CA4600BF012229462046D4F8A8
:10DDA0008C309847012801D00220EEE709F10109E3
:10DDB000287840EA0A201FFA80FA4FF6D870824588
:10DDC000EAD100BF042229462046D4F88C30984777
:10DDD000042801D00220D8E76878297840EA012A8F
:10DDE000E878A97840EA0126022E03D9FF20B0EB9B
:10DDF0002A2F01D00620C8E7B61E301D81440AF044
:10DE0000FF00C0381E2872D2DFE800F00FF3F2F1F5
:10DE100078F0EFEE71EDECEB71EAE9E87171717198
:10DE20007171717171E7AC927162B6F5806F01D951
:10DE30000420AAE7324629462046D4F88C30984779
:10DE4000B04201D00220A0E72879E97840EA012019
:10DE5000A083A878697840EA0120E0836879E074BB
:10DE6000E07C032804D0E07C012801D008208CE766
:10DE7000002729E007EB4700C01D15F800808FB987
:10DE8000B8F1110F07D0B8F1220F04D0B8F1210F6B
:10DE900001D0082079E74FEA2810A07308F00F009E
:10DEA000E07304E0B8F1110F01D008206DE707EB33
:10DEB00047000830295C04F11000C155C05D0328FB
:10DEC00001DD082061E77F1CE07CB842D2D8EFE09A
:10DED000B6F5806F01D9042057E73246294620461F
:10DEE000D4F88C309847B04202D002204DE7D4E0FD
:10DEF0006878297840EA01206083D9E0B6F5806F20
:10DF000001D9042041E7324629462046D4F88C3016
:10DF10009847B04201D0022037E7324629462046D2
:10DF2000FBF79AFB0090009808B100982DE7BFE03E
:10DF3000B6F5806F01D9042027E7324629462046EE
:10DF4000D4F88C309847B04201D002201DE7324609
:10DF500029462046FBF7D6FD0090009808B10098AE
:10DF600013E7A5E0B6F5806F01D904200DE732462E
:10DF700029462046D4F88C309847B04201D0022080
:10DF800003E7A08B08B1E08B08B90620FDE62878EE
:10DF9000E17C884201D00820F7E6002734E07800D1
:10DFA000801C15F80080B8F1000F04D0B8F1110FF3
:10DFB00001D00820E9E60FB1012000E000208346EF
:10DFC00004F1200050F83B0028B104F1200000EBE0
:10DFD000CB00406870B90620D7E65CE05AE058E014
:10DFE00056E054E052E050E04EE04CE04AE048E0B9
:10DFF00046E044E004F11000C15D403050F82100DB
:10E0000008B90620C1E67F1CE07CB842C7D8E07B97
:10E01000A17B10FB01FBBBF1000F01D10620B4E690
:10E02000402101EBCB16FF2E00D88E003146204652
:10E03000FAF729FEE067E06F08B90320A5E60BF1C7
:10E040000200C1012046FAF71EFEC4F88000D4F891
:10E05000800008B9032098E6C9F30900B0F100096F
:10E0600008D0C9F5806205EB09012046D4F88C3050
:10E070009847206005EB09006060002085E600BF3E
:10E0800000BF00BF00BF00BF00BF00BF00BF00BF98
:10E0900000BF00BF00BF082077E6324600212046BF
:10E0A000D4F88C309847B04201D002206DE600BF12
:10E0B00088E670B5054600F03DFA00240BE004EB5D
:10E0C000440205F1140000EB82004168042006F0D0
:10E0D00033F8601CC4B20A2CF1DB00240BE004EB23
:10E0E000440205F18C0000EB82004168002006F03C
:10E0F00023F8601CC4B2022CF1DB70BD70B505467C
:10E100002648006840F020002449086000241AE0F6
:10E110004FF48051042006F021F804EB440205F18D
:10E12000140101EB8201486004EB440105F1140085
:10E1300000EB8100406820B92846FFF7BAFF0120B4
:10E1400070BD601CC4B20A2CE2DB002014490863D5
:10E150000846006B40F0010008630846006820F0A4
:10E16000010008600846006B40F400500863084650
:10E17000006B40F480400863602088630322012123
:10E180007920F3F7CFFF7920F3F7B8FF0448406810
:10E1900040F48070024948600020D1E7D44402581E
:10E1A0000030005210B5002200F8A42F4270827097
:10E1B000C270027142718271A43800210DE0002307
:10E1C00001EB410400F1140202F8243001EB410498
:10E1D00002EB840213814A1CD1B20A29EFDB002131
:10E1E0000DE0002301EB410400F18C0202F8243021
:10E1F00001EB410402EB840213814A1CD1B20229D3
:10E20000EFDB00221C4B1A604FF0A443C3F80C2232
:10E210001F22194B083B1A604FF0A443C3F8042295
:10E22000164A526842F00802144B5A601A461268A5
:10E2300022F001021A601A46126B22F07E021A6363
:10E240001A46126B42F400521A631A46126B42F4D9
:10E2500080421A631A46126B42F040021A631A4651
:10E26000126B42F020021A6360229A631A46126807
:10E2700042F001021A6010BDCC0100520030005281
:10E28000F0B502460B460024002500210026506808
:10E29000012801D1022507E05068022801D101259B
:10E2A00002E0506800B90025B2F8B200D7687843A0
:10E2B00003EB40063548006840F01000334F3860EB
:10E2C00032485838006840F01000304F583F3860EE
:10E2D0003846006820F0100038602D48006820F0B3
:10E2E00001002B4F38604FF4803038600220786393
:10E2F000002038643846806840F00200B8600B2483
:10E3000044EA85443846C46100203861B2F8B00060
:10E31000978940EA07401E4F78643846C66392F8F2
:10E32000A70000EB400702F18C0000EB870040687B
:10E33000174FF8603846006840F00100386004E08C
:10E34000491CB1F1007F00D305E01148406800F09E
:10E3500002000028F4D000BFB0325088178838443B
:10E360005080B03A09485838006840F01000074F14
:10E37000583F38603846006820F010003860B1F12E
:10E38000007F01D30120F0BD0020FCE7D4440258F7
:10E390000010005210B50021234890F8A40000EBB3
:10E3A00040022148143000F82210143890F8A400DC
:10E3B00000EB40021C48143000EB820001811A4837
:10E3C00090F8A400401C184981F8A400084690F871
:10E3D000A4000A2802DB002081F8A400124890F86B
:10E3E000A40000EB40011048143010F8210020B9BF
:10E3F00001200D4981F8A60015E00B4A92F8A420EF
:10E4000002EB4203084A143202EB83021189064AE6
:10E4100092F8A42002EB4203034A143202EB830277
:10E42000506800F0DFF910BD008B072410B5002400
:10E4300001213D4890F8A80000EB40023A488C309A
:10E4400000F822108C38B0F8AC0038490968401A3E
:10E4500081B2354890F8A80000EB400232488C3079
:10E4600000EB82000181304890F8AA0002282DD1EB
:10E470002D4890F8A80000EB40012B488C3000EBB1
:10E4800081004168284890F8A80000EB4002264827
:10E490008C3000EB820000890C1811E02448406C9D
:10E4A0002060241D204991F8A81001EB41021E496B
:10E4B0008C3101EB820101F108000989091D0180FD
:10E4C0001B48406B00F010000028E7D1164890F878
:10E4D000A800401C144981F8A800084690F8A8003C
:10E4E000022802DB002081F8A8000F4890F8A8005D
:10E4F00000EB40010C488C3010F82100012803D1BA
:10E50000094981F8A9000DE0074AD2F8AC1092F849
:10E51000A82002EB4203044A8C3202EB83025068CB
:10E5200000F03CFA10BD0000008B0724D40100521B
:10E53000003000520648006820F0010004490860DD
:10E540000846006B20F07E000863602088637047F7
:10E55000003000520220024981F8AA0070470000F2
:10E56000008B072410B50648006806F0E1FF054857
:10E57000006806F0DDFF0448006806F0D9FF10BD12
:10E58000DC010024E0010024E401002410B5254C46
:10E59000646804F0030424B1022C05D0032C09D1D3
:10E5A00005E00024046005E01024046002E030244B
:10E5B000046000BF00BF1B4C6468240C8460194CCD
:10E5C000E468240CC4600468102C02D00468302C69
:10E5D00022D1144C2469C4F30313124C6469C4F3AC
:10E5E0000311104CA469C4F30312012B04D119B90F
:10E5F00012B90224446011E023B919B912B90024F8
:10E6000044600BE0032B04D119B912B90124446012
:10E6100004E00024446001E000244460002404611C
:10E6200010BD00000030005210B500240120364912
:10E6300081F8AA000846FFF7A9FF3348C0683349AC
:10E6400048603148806888602F484068D0B1012810
:10E6500002D0022822D10BE02B48C06800EB40001A
:10E66000C0002949C1F8AC001020A1F8B00015E0A5
:10E670002548C06800012449C1F8AC000820A1F871
:10E68000B0000BE02048C06800EB4000C0001E490D
:10E69000C1F8AC000820A1F8B00000BF00BF002006
:10E6A0001949A1F8B20000241CE01748D0F8AC00CA
:10E6B00000F12001002005F051FD04EB4402124955
:10E6C0008C3101EB8201486004EB44010E488C3030
:10E6D00000EB8100406818B903200B4981F8AA00BB
:10E6E000601CC4B2022CE0DB0748D0F89C0040B1AB
:10E6F000054AD2F8AC10D2F8900000F0E5F800F02E
:10E7000069F906F083FD10BD008B0724C48A072435
:10E710002DE9F04105460E46002400272E480068EA
:10E7200040F001002C49086000202C49086000BF1F
:10E730002A48006800F001000028F9D11F2027496D
:10E74000083908604FF0A440D0F80C0240F00400F3
:10E750004FF0A441C1F80C020846D0F80C0240F07A
:10E760008000C1F80C021D48083006601C48C1F842
:10E770001C020846C0F81852002444F0007444F407
:10E78000F80444F4003444F4804400BF44F08004AE
:10E7900000BF00BF44F002041048001D04601120B7
:10E7A000C1F8280205F07F47B7F1005F00D047B9F4
:10E7B0000A481C30006840F480304FF0A441C1F892
:10E7C0002802032202217A20F3F7ACFC7A20F3F727
:10E7D00095FCBDE8F0810000D44402580C020052C0
:10E7E0004030005201F0030222B101F00302C2F1F5
:10E7F000040211441F22084B1A604FF0A442C2F8D1
:10E800001412C2F81802D2F80C2242F00102024B94
:10E8100008331A6070470000040200520448006880
:10E8200040F001004FF0A441C1F80C027047000015
:10E830000C0200522DE9F84305460E461446D5F861
:10E8400090904EB16B46224631464846FCF727FC75
:10E85000BDF80000BDE8F883D9E90E20171940F192
:10E8600000033A464846FBF7D4FF08B92046F1E7D3
:10E870000020EFE710B54FF4167006F060FE0F4968
:10E8800008600846006808B9112010BD942006F001
:10E8900056FE0B4908600846006808B91120F4E7E5
:10E8A0004FF4205006F04BFE064908600846006809
:10E8B00008B91120E9E70020E7E70000DC010024A7
:10E8C000E0010024E40100242DE9F04105460E4654
:10E8D000002400272E48006840F001002C49086001
:10E8E00000202C49086000BF2A48006800F00100A1
:10E8F0000028F9D11F202749083908604FF0A440AB
:10E90000D0F8CC0140F0C0004FF0A441C1F8CC01D8
:10E910000846D0F8CC0140F00400C1F8CC0108460C
:10E92000C0F8D4611B48103005601B48C1F8D801FD
:10E93000002444F0007444F4F80444F4003444F433
:10E94000804400BF00BF44F0200444F0080400BF2E
:10E950001048001D04601320C1F8E80105F07F474E
:10E96000B7F1005F00D047B90A481C30006840F496
:10E9700000304FF0A441C1F8E801032202217A20BF
:10E98000F3F7D0FB7A20F3F7B9FBBDE8F081000084
:10E99000D4440258CC0100524430005201F003022A
:10E9A00022B101F00302C2F1040211441F22084BFC
:10E9B0001A604FF0A442C2F8D411C2F8DC01D2F8B8
:10E9C000CC2142F00102024B08331A60704700006C
:10E9D000C40100520448006840F001004FF0A44117
:10E9E000C1F8CC0170470000CC0100522DE9F8437A
:10E9F00081460D4614462E4660882188401A401CE8
:10EA000087B2E088A188401A401C1FFA80F800965F
:10EA1000A288094B9B8B1A4491B22288064B1B8B10
:10EA20001A4490B2054A4346D2F810C03A46E0472D
:10EA30000020BDE8F8830000C48A0724EC8A07247C
:10EA40002DE9F84F88461446B4F800904FF0000ABC
:10EA5000454660882188401A401C1FFA80FBE088E8
:10EA6000A188401A401C80B2009000263DE0224858
:10EA7000C068A18831444843C0F34F3A0022514650
:10EA8000484606F041FD10B905EB4B052BE0002789
:10EA900026E01948C068218839444843C0F34F39FB
:10EAA00001225146484606F02FFD08B9AD1C15E07D
:10EAB0002A88DFF844C0BCF81CC0D4441FFA8CF18B
:10EAC000DFF834C0BCF818C0CC441FFA8CF0DFF873
:10EAD0002CC0DCF804309847AD1C00BF781C87B20E
:10EAE0005F45D6DB00BF701C86B200988642BEDB55
:10EAF0000020BDE8F88F0000C48A0724EC8A0724B0
:10EB00002DE9F84306460F460025FFF7B3FE0546FC
:10EB1000002D64D10122314633480068FCF7DAF851
:10EB20000546002D57D1304800684FF4205300901F
:10EB30002E482F4902682F480068FFF70BF9054659
:10EB4000DFF8B480002D46D1002427E02948006872
:10EB5000808B20412949496988421DD82548006891
:10EB6000C08B204125490969884215D82148006891
:10EB7000808B20412149496988420AD01D4800689C
:10EB8000C08B20411D490969884202D00CB1002484
:10EB900001E0DFF86C8003E0601CC4B2042CD5DB1C
:10EBA00000BF042C00D100240FB9DFF84C801148BD
:10EBB0000068C08B2041114988600E480068808B36
:10EBC0002041486006F022FB224641460948006881
:10EBD000FFF76FF8054604480068FBF707FEFFF7EC
:10EBE000C1FC2846BDE8F883DC010024E4010024D0
:10EBF00035E80008E001002441EA0008C48A07243F
:10EC0000EDE90008F8B505460E4617460024FFF763
:10EC100031FE04460CBB0122294612480068FCF76D
:10EC200059F80446ACB90F4800684FF420530090DF
:10EC30000D480E4902680E480068FFF78BF804463D
:10EC40003CB90B480068808B306009480068C08B75
:10EC5000386004480068FBF7C9FDFFF783FC2046D5
:10EC6000F8BD0000DC010024E401002435E80008C0
:10EC7000E001002400B587B000BF00BF364800683F
:10EC800040F08000344908600846006800F08000C9
:10EC9000019000BF00BF00BF00BF00BF0846006872
:10ECA00040F0800008600846006800F08000019095
:10ECB00000BF00BF00BF00BF00BF0846006840F0B3
:10ECC000040008600846006800F00400019000BFDE
:10ECD00000BF00BF00BF00BF0846006840F0010051
:10ECE00008600846006800F00100019000BF00BF06
:10ECF00000BF082002900020039001200490022011
:10ED0000059002A91548F2F77DFD0420029000202D
:10ED10000390012004900220059002A90F48F2F709
:10ED200071FD4FF4005002900020039001200490E8
:10ED30000220059002A90A48F2F764FD0120029022
:10ED40000020039002200490059002A90548F2F7E4
:10ED500059FD07B000BD0000E0440258001C0258F5
:10ED6000000802580000025870B5044600260D48FD
:10ED700005880D48006818B1204603F0F9FC0FE043
:10ED80000848408845430021084603F0F5F903F0A0
:10ED900099FB002602E005480480761CAE42FAD3B7
:10EDA00070BD00008C030024E00400240000086013
:10EDB0002DE9FF4F81B080460D469146DDF838A021
:10EDC0001848006840B1CDF800A04A4629464046A0
:10EDD000049B03F0F7FC21E0A9EB0800401C86B27D
:10EDE0000498401B401C1FFA80FB002414E02819E3
:10EDF00081B2404603F0C0F903F064FB002707E04E
:10EE000004FB06703AF8100007490880781C87B2A6
:10EE1000B742F5DB601C84B25C45E8DB05B0BDE8B9
:10EE2000F08F0000E00400240000086010B50446E4
:10EE3000604884716048006850B1204603F076FD58
:10EE40005D48C08A5B4908805B48008B488010BDE4
:10EE5000002C58D1F020574908804FF4A07048800A
:10EE60000846808845F21051884210D14FF4305046
:10EE7000504908814FF4285048814FF42C50888124
:10EE80004FF4F07008804FF4487048801AE0494809
:10EE9000808841F6631188420DD12C2045490881B4
:10EEA0002B2048812A2088814FF4F07008804FF48D
:10EEB0004870488006E02C203E4908812A2048817D
:10EEC0002B2088813B48808845F21031884205D04C
:10EED0003848808847F29671884206D14FF4A07076
:10EEE000344908804FF4F07048803248808849F6F1
:10EEF0000601884258D14FF4F0702E4908804FF433
:10EF00004870488050E04FF4A0702A490880F020F3
:10EF100048800846808845F21051884210D14FF44D
:10EF20003050244908814FF4285048814FF42C5028
:10EF300088814FF4487008804FF4F070488020E0DA
:10EF40001C48808841F66311884205D019488088A2
:10EF500049F6060188420DD12C20164908812A2045
:10EF600048812B2088814FF4487008804FF4F0705E
:10EF7000488006E02C200F4908812A2048812B2058
:10EF800088810C48808845F21031884205D00948B4
:10EF9000808847F29671884206D14FF4F070054997
:10EFA00008804FF4A0704880002002F0C7FF00BF27
:10EFB0004DE700008C030024E0040024F8B504466B
:10EFC0000D4616461F463EB109480088A04203DBA5
:10EFD00007484088A84200DAF8BDA019401E82B256
:10EFE0002B4629462046009702F03AFC00BFF3E783
:10EFF0008C03002470B505460E4614460848006888
:10F0000028B122463146284603F0A6FC07E03146E7
:10F01000284603F0B1F803F055FA02490C8070BDA0
:10F02000E00400240000086010B5CF2003F03EFA91
:10F03000002003F02FFAC12003F02CFA302003F057
:10F0400029FAED2003F032FA642003F023FA0320BA
:10F0500003F020FA122003F01DFA812003F01AFABF
:10F06000E82003F023FA852003F014FA102003F0BF
:10F0700011FA7A2003F00EFACB2003F017FA3920A8
:10F0800003F008FA2C2003F005FA002003F002FA3E
:10F09000342003F0FFF9022003F0FCF9F72003F01D
:10F0A00005FA202003F0F6F9EA2003F0FFF900202A
:10F0B00003F0F0F9002003F0EDF9C02003F0F6F9B9
:10F0C0001B2003F0E7F9C12003F0F0F9012003F061
:10F0D000E1F9C52003F0EAF9302003F0DBF9302034
:10F0E00003F0D8F9C72003F0E1F9B72003F0D2F913
:10F0F000362003F0DBF9482003F0CCF93A2003F086
:10F10000D5F9552003F0C6F9B12003F0CFF900205E
:10F1100003F0C0F91A2003F0BDF9B62003F0C6F9D8
:10F120000A2003F0B7F9A22003F0B4F9F22003F0AB
:10F13000BDF9002003F0AEF9262003F0B7F9012055
:10F1400003F0A8F9E02003F0B1F90F2003F0A2F9D1
:10F150002A2003F09FF9282003F09CF9082003F0EF
:10F1600099F90E2003F096F9082003F093F9542042
:10F1700003F090F9A92003F08DF9432003F08AF9F8
:10F180000A2003F087F90F2003F084F9002003F030
:10F1900081F9002003F07EF9002003F07BF90020C4
:10F1A00003F078F9E12003F081F9002003F072F90F
:10F1B000152003F06FF9172003F06CF9072003F016
:10F1C00069F9112003F066F9062003F063F92B209A
:10F1D00003F060F9562003F05DF93C2003F05AF982
:10F1E000052003F057F9102003F054F90F2003F025
:10F1F00051F93F2003F04EF93F2003F04BF90F2067
:10F2000003F048F92B2003F051F9002003F042F9F4
:10F21000002003F03FF9012003F03CF93F2003F008
:10F2200039F92A2003F042F9002003F033F90020D5
:10F2300003F030F9002003F02DF9EF2003F02AF954
:10F24000112003F033F97820FAF722FD292003F08A
:10F250002DF910BD10B5FF2003F028F9FF2003F0B1
:10F2600019F9982003F016F9062003F013F9BC20D1
:10F2700003F01CF9012003F00DF90F2003F00AF947
:10F28000612003F007F9FF2003F004F9012003F0E7
:10F2900001F9012003F0FEF80B2003F0FBF8102029
:10F2A00003F0F8F8372003F0F5F8632003F0F2F8E4
:10F2B000FF2003F0EFF8FF2003F0ECF8012003F04B
:10F2C000E9F8012003F0E6F8002003F0E3F800205D
:10F2D00003F0E0F8FF2003F0DDF8522003F0DAF845
:10F2E000012003F0D7F8002003F0D4F8402003F009
:10F2F000D1F8BD2003F0DAF8012003F0CBF8232089
:10F3000003F0C8F8452003F0C5F8672003F0C2F801
:10F31000012003F0BFF8232003F0BCF8452003F0E0
:10F32000B9F8672003F0B6F8BE2003F0BFF800205C
:10F3300003F0B0F8012003F0ADF8AB2003F0AAF819
:10F34000602003F0A7F8222003F0A4F8222003F0A5
:10F35000A1F8222003F09EF8222003F09BF822203F
:10F3600003F098F8C72003F0A1F8362003F092F8D4
:10F37000ED2003F09BF87F2003F08CF80F2003F0C2
:10F3800089F8C02003F092F80F2003F083F80B20D7
:10F3900003F080F80A2003F07DF8FC2003F086F8E3
:10F3A000082003F077F8DF2003F080F8002003F056
:10F3B00071F8002003F06EF8002003F06BF80020D5
:10F3C00003F068F8002003F065F8202003F062F8ED
:10F3D000F32003F06BF8742003F05CF8B42003F022
:10F3E00065F8002003F056F8002003F053F80020E1
:10F3F00003F050F8F72003F059F8822003F04AF8A0
:10F40000B12003F053F8002003F044F8132003F078
:10F4100041F8132003F03EF8F22003F047F8802073
:10F4200003F038F8042003F035F8402003F032F8F8
:10F43000282003F02FF8C12003F038F8172003F03C
:10F4400029F8882003F026F8882003F023F82020EC
:10F4500003F020F8E02003F029F8002003F01AF868
:10F460000A2003F017F8122003F014F8102003F01C
:10F4700011F80E2003F00EF8202003F00BF8CC203A
:10F4800003F008F8072003F005F8062003F002F85F
:10F490000B2002F0FFFF0E2002F0FCFF0F2002F015
:10F4A000F9FF0D2002F0F6FF152002F0F3FF102007
:10F4B00002F0F0FF002002F0EDFFE12002F0F6FF85
:10F4C000002002F0E7FF0B2002F0E4FF132002F01F
:10F4D000E1FF0D2002F0DEFF0E2002F0DBFF1B201B
:10F4E00002F0D8FF712002F0D5FF062002F0D2FF13
:10F4F000062002F0CFFF0A2002F0CCFF0F2002F01E
:10F50000C9FF0E2002F0C6FF0F2002F0C3FF152036
:10F5100002F0C0FF0C2002F0BDFF002002F0BAFF95
:10F520002A2002F0C3FF002002F0B4FF002002F006
:10F53000B1FF012002F0AEFFDF2002F0ABFF2B2075
:10F5400002F0B4FF002002F0A5FF002002F0A2FFAD
:10F55000032002F09FFF1F2002F09CFF3A2002F0E0
:10F56000A5FF552002F096FF362002F09FFF0020F5
:10F5700002F090FF112002F099FF7820FAF788FB43
:10F58000292002F093FF1420FAF782FB2C2002F0CE
:10F590008DFF10BD10B5ED2002F088FF012002F0B4
:10F5A00079FFFE2002F076FFEE2002F07FFFDE20E2
:10F5B00002F070FF212002F06DFFF12002F076FFD3
:10F5C000012002F067FFDF2002F070FF102002F040
:10F5D00061FFC42002F06AFF8F2002F05BFFC620AB
:10F5E00002F064FF002002F055FFE22002F052FF1B
:10F5F000E22002F04FFFE22002F04CFFBF2002F0B9
:10F6000055FFAA2002F046FFB02002F04FFF0D2068
:10F6100002F040FF002002F03DFF0D2002F03AFF13
:10F62000002002F037FF112002F034FF002002F02A
:10F6300031FF192002F02EFF002002F02BFF2120C5
:10F6400002F028FF002002F025FF2D2002F022FF0B
:10F65000002002F01FFF3D2002F01CFF002002F0FE
:10F6600019FF5D2002F016FF002002F013FF5D205D
:10F6700002F010FF002002F00DFFB12002F016FF93
:10F68000802002F007FF002002F004FF8B2002F030
:10F6900001FF002002F0FEFE962002F0FBFE00209B
:10F6A00002F0F8FEB22002F001FF002002F0F2FEAC
:10F6B000002002F0EFFE022002F0ECFE002002F03B
:10F6C000E9FE032002F0E6FE002002F0E3FEB32094
:10F6D00002F0ECFE002002F0DDFE002002F0DAFE77
:10F6E000002002F0D7FE002002F0D4FE002002F03D
:10F6F000D1FE002002F0CEFE002002F0CBFE002062
:10F7000002F0C8FE002002F0C5FE002002F0C2FE9A
:10F71000002002F0BFFE002002F0BCFE002002F03C
:10F72000B9FE002002F0B6FE002002F0B3FE002079
:10F7300002F0B0FE002002F0ADFE002002F0AAFEB2
:10F74000002002F0A7FE002002F0A4FE002002F03C
:10F75000A1FE002002F09EFE002002F09BFE002091
:10F7600002F098FEB42002F0A1FE8B2002F092FE7F
:10F77000002002F08FFE962002F08CFE002002F0A6
:10F7800089FEA12002F086FE002002F083FEB52053
:10F7900002F08CFE022002F07DFE002002F07AFED4
:10F7A000032002F077FE002002F074FE042002F035
:10F7B00071FE002002F06EFEB62002F077FE0020FF
:10F7C00002F068FE002002F065FEB72002F06EFE37
:10F7D000002002F05FFE002002F05CFE3F2002F0FD
:10F7E00059FE002002F056FE5E2002F053FE00207B
:10F7F00002F050FE642002F04DFE002002F04AFEAE
:10F800008C2002F047FE002002F044FEAC2002F003
:10F8100041FE002002F03EFEDC2002F03BFE002014
:10F8200002F038FE702002F035FE002002F032FEB9
:10F83000902002F02FFE002002F02CFEEB2002F0C0
:10F8400029FE002002F026FEDC2002F023FE00202C
:10F8500002F020FEB82002F029FE002002F01AFE7D
:10F86000002002F017FE002002F014FE002002F03B
:10F8700011FE002002F00EFE002002F00BFE002020
:10F8800002F008FE002002F005FEBA2002F00EFE93
:10F89000242002F0FFFD002002F0FCFD002002F019
:10F8A000F9FD002002F0F6FDC12002F0FFFD20204E
:10F8B00002F0F0FD002002F0EDFD542002F0EAFD20
:10F8C000002002F0E7FDFF2002F0E4FD002002F03E
:10F8D000E1FDC22002F0EAFD0A2002F0DBFD00207B
:10F8E00002F0D8FD042002F0D5FD002002F0D2FD88
:10F8F000C32002F0DBFD3C2002F0CCFD002002F032
:10F90000C9FD3A2002F0C6FD002002F0C3FD3920F7
:10F9100002F0C0FD002002F0BDFD372002F0BAFD6C
:10F92000002002F0B7FD3C2002F0B4FD002002F000
:10F93000B1FD362002F0AEFD002002F0ABFD32201A
:10F9400002F0A8FD002002F0A5FD2F2002F0A2FD8C
:10F95000002002F09FFD2C2002F09CFD002002F010
:10F9600099FD292002F096FD002002F093FD26204B
:10F9700002F090FD002002F08DFD242002F08AFDAF
:10F98000002002F087FD242002F084FD002002F018
:10F9900081FD232002F07EFD002002F07BFD3C2053
:10F9A00002F078FD002002F075FD362002F072FDB5
:10F9B000002002F06FFD322002F06CFD002002F00A
:10F9C00069FD2F2002F066FD002002F063FD2C206F
:10F9D00002F060FD002002F05DFD292002F05AFDDA
:10F9E000002002F057FD262002F054FD002002F016
:10F9F00051FD242002F04EFD002002F04BFD24209A
:10FA000002F048FD002002F045FD232002F042FDF7
:10FA1000002002F03FFDC42002F048FD622002F009
:10FA200039FD002002F036FD052002F033FD0020F4
:10FA300002F030FD842002F02DFD002002F02AFDAE
:10FA4000F02002F027FD002002F024FD182002F033
:10FA500021FD002002F01EFDA42002F01BFD00206D
:10FA600002F018FD182002F015FD002002F012FD32
:10FA7000502002F00FFD002002F00CFD0C2002F0DF
:10FA800009FD002002F006FD172002F003FD002012
:10FA900002F000FD952002F0FDFC002002F0FAFCCF
:10FAA000F32002F0F7FC002002F0F4FCE62002F064
:10FAB000F1FC002002F0EEFCC52002F0F7FC322041
:10FAC00002F0E8FC002002F0E5FC442002F0E2FC39
:10FAD000002002F0DFFC652002F0DCFC002002F0D8
:10FAE000D9FC762002F0D6FC002002F0D3FC88205E
:10FAF00002F0D0FC002002F0CDFCC62002F0D6FCC3
:10FB0000202002F0C7FC002002F0C4FC172002F005
:10FB1000C1FC002002F0BEFC012002F0BBFC002072
:10FB200002F0B8FCC72002F0C1FC002002F0B2FCD9
:10FB3000002002F0AFFC002002F0ACFC002002F03C
:10FB4000A9FCC82002F0B2FC002002F0A3FC0020B7
:10FB500002F0A0FC002002F09DFC002002F09AFCC4
:10FB6000C92002F0A3FC002002F094FC002002F067
:10FB700091FC002002F08EFC002002F08BFC0020A3
:10FB800002F088FC002002F085FC002002F082FCDC
:10FB9000002002F07FFC002002F07CFC002002F03C
:10FBA00079FC002002F076FC002002F073FC0020BB
:10FBB00002F070FC002002F06DFC002002F06AFCF4
:10FBC000002002F067FCE02002F070FC162002F03A
:10FBD00061FC002002F05EFC1C2002F05BFC0020B7
:10FBE00002F058FC212002F055FC002002F052FCEB
:10FBF000362002F04FFC002002F04CFC462002F0C0
:10FC000049FC002002F046FC522002F043FC002098
:10FC100002F040FC642002F03DFC002002F03AFCBF
:10FC20007A2002F037FC002002F034FC8B2002F036
:10FC300031FC002002F02EFC992002F02BFC002069
:10FC400002F028FCA82002F025FC002002F022FC93
:10FC5000B92002F01FFC002002F01CFCC42002F0BE
:10FC600019FC002002F016FCCA2002F013FC002050
:10FC700002F010FCD22002F00DFC002002F00AFC81
:10FC8000D92002F007FC002002F004FCE02002F082
:10FC900001FC002002F0FEFBF32002F0FBFB002041
:10FCA00002F0F8FBE12002F001FC162002F0F2FB6A
:10FCB000002002F0EFFB1C2002F0ECFB002002F021
:10FCC000E9FB222002F0E6FB002002F0E3FB3620F5
:10FCD00002F0E0FB002002F0DDFB452002F0DAFB41
:10FCE000002002F0D7FB522002F0D4FB002002F0EB
:10FCF000D1FB642002F0CEFB002002F0CBFB7A2087
:10FD000002F0C8FB002002F0C5FB8B2002F0C2FB12
:10FD1000002002F0BFFB992002F0BCFB002002F0A3
:10FD2000B9FBA82002F0B6FB002002F0B3FBB9201B
:10FD300002F0B0FB002002F0ADFBC42002F0AAFBF1
:10FD4000002002F0A7FBCA2002F0A4FB002002F072
:10FD5000A1FBD22002F09EFB002002F09BFBD820EA
:10FD600002F098FB002002F095FBE02002F092FBED
:10FD7000002002F08FFBF32002F08CFB002002F049
:10FD800089FBE22002F092FB052002F083FB0020B9
:10FD900002F080FB0B2002F07DFB002002F07AFBDA
:10FDA0001B2002F077FB002002F074FB342002F0ED
:10FDB00071FB002002F06EFB442002F06BFB002080
:10FDC00002F068FB4F2002F065FB002002F062FBAE
:10FDD000612002F05FFB002002F05CFB792002F062
:10FDE00059FB002002F056FB882002F053FB002054
:10FDF00002F050FB972002F04DFB002002F04AFB7E
:10FE0000A62002F047FB002002F044FBB72002F0DE
:10FE100041FB002002F03EFBC22002F03BFB002031
:10FE200002F038FBC72002F035FB002002F032FB65
:10FE3000D12002F02FFB002002F02CFBD62002F094
:10FE400029FB002002F026FBDD2002F023FB00202E
:10FE500002F020FBF32002F01DFB002002F01AFB51
:10FE6000E32002F023FB052002F014FB002002F047
:10FE700011FB0A2002F00EFB002002F00BFB1C20FD
:10FE800002F008FB002002F005FB332002F002FB29
:10FE9000002002F0FFFA442002F0FCFA002002F0F9
:10FEA000F9FA502002F0F6FA002002F0F3FA62208C
:10FEB00002F0F0FA002002F0EDFA782002F0EAFAFF
:10FEC000002002F0E7FA882002F0E4FA002002F0B5
:10FED000E1FA972002F0DEFA002002F0DBFAA62019
:10FEE00002F0D8FA002002F0D5FAB72002F0D2FAD8
:10FEF000002002F0CFFAC22002F0CCFA002002F07B
:10FF0000C9FAC72002F0C6FA002002F0C3FAD120D5
:10FF100002F0C0FA002002F0BDFAD52002F0BAFAD1
:10FF2000002002F0B7FADD2002F0B4FA002002F05F
:10FF3000B1FAF32002F0AEFA002002F0ABFAE420AE
:10FF400002F0B4FA012002F0A5FA002002F0A2FAB1
:10FF5000012002F09FFA002002F09CFA022002F039
:10FF600099FA002002F096FA2A2002F093FA002073
:10FF700002F090FA3C2002F08DFA002002F08AFA9A
:10FF80004B2002F087FA002002F084FA5D2002F094
:10FF900081FA002002F07EFA742002F07BFA002041
:10FFA00002F078FA842002F075FA002002F072FA6A
:10FFB000932002F06FFA002002F06CFAA22002F007
:10FFC00069FA002002F066FAB32002F063FA00201A
:10FFD00002F060FABE2002F05DFA002002F05AFA48
:10FFE000C42002F057FA002002F054FACD2002F0AB
:10FFF00051FA002002F04EFAD32002F04BFA002012
:020000040801F1
:1000000002F048FADD2002F045FA002002F042FA40
:10001000F32002F03FFA002002F03CFAE52002F063
:1000200045FA002002F036FA002002F033FA0020F0
:1000300002F030FA002002F02DFA022002F02AFA33
:10004000002002F027FA292002F024FA002002F012
:1000500021FA3C2002F01EFA002002F01BFA4B208D
:1000600002F018FA002002F015FA5D2002F012FAF0
:10007000002002F00FFA742002F00CFA002002F0C7
:1000800009FA842002F006FA002002F003FA932015
:1000900002F000FA002002F0FDF9A22002F0FAF9C5
:1000A000002002F0F7F9B32002F0F4F9002002F08A
:1000B000F1F9BE2002F0EEF9002002F0EBF9C420C5
:1000C00002F0E8F9002002F0E5F9CD2002F0E2F9B3
:1000D000002002F0DFF9D32002F0DCF9002002F06A
:1000E000D9F9DC2002F0D6F9002002F0D3F9F32090
:1000F00002F0D0F9002002F0CDF9E62002F0D6F9A6
:10010000112002F0C7F9002002F0C4F9342002F0F7
:10011000C1F9002002F0BEF9562002F0BBF9002020
:1001200002F0B8F9762002F0B5F9002002F0B2F939
:10013000772002F0AFF9002002F0ACF9662002F05F
:10014000A9F9002002F0A6F9882002F0A3F9002006
:1001500002F0A0F9992002F09DF9002002F09AF92E
:10016000BB2002F097F9002002F094F9992002F0E8
:1001700091F9002002F08EF9662002F08BF9002040
:1001800002F088F9552002F085F9002002F082F98A
:10019000552002F07FF9002002F07CF9452002F0A2
:1001A00079F9002002F076F9432002F073F900207B
:1001B00002F070F9442002F06DF9002002F06AF9B3
:1001C000E72002F073F9322002F064F9002002F017
:1001D00061F9552002F05EF9002002F05BF976200B
:1001E00002F058F9002002F055F9662002F052F9A9
:1001F000002002F04FF9672002F04CF9002002F0D5
:1002000049F9672002F046F9002002F043F98720FF
:1002100002F040F9002002F03DF9992002F03AF98D
:10022000002002F037F9BB2002F034F9002002F080
:1002300031F9992002F02EF9002002F02BF97720F5
:1002400002F028F9002002F025F9442002F022F9FA
:10025000002002F01FF9562002F01CF9002002F0E5
:1002600019F9232002F016F9002002F013F93320C7
:1002700002F010F9002002F00DF9452002F00AF911
:10028000002002F007F9E82002F010F9002002F047
:1002900001F9002002F0FEF8992002F0FBF800209E
:1002A00002F0F8F8872002F0F5F8002002F0F2F8EA
:1002B000882002F0EFF8002002F0ECF8772002F03E
:1002C000E9F8002002F0E6F8662002F0E3F80020EA
:1002D00002F0E0F8882002F0DDF8002002F0DAF801
:1002E000AA2002F0D7F8002002F0D4F8BB2002F0D8
:1002F000D1F8002002F0CEF8992002F0CBF80020CF
:1003000002F0C8F8662002F0C5F8002002F0C2F83A
:10031000552002F0BFF8002002F0BCF8552002F092
:10032000B9F8002002F0B6F8442002F0B3F800203B
:1003300002F0B0F8442002F0ADF8002002F0AAF874
:10034000552002F0A7F8002002F0A4F8E92002F0FE
:10035000ADF8AA2002F09EF8002002F09BF80020E1
:1003600002F098F8002002F095F8002002F09EF8C4
:10037000AA2002F08FF8CF2002F098F8002002F0B7
:1003800089F8002002F086F8002002F083F80020AF
:1003900002F080F8002002F07DF8002002F07AF8E8
:1003A000002002F077F8002002F074F8002002F03C
:1003B00071F8002002F06EF8002002F06BF80020C7
:1003C00002F068F8002002F065F8002002F062F800
:1003D000002002F05FF8002002F05CF8002002F03C
:1003E00059F8F02002F062F8002002F053F8502093
:1003F00002F050F8002002F04DF8002002F04AF818
:10040000002002F047F8F32002F050F8002002F03C
:1004100041F8F92002F04AF8062002F03BF81020DB
:1004200002F038F8292002F035F8002002F032F806
:100430003A2002F03BF8552002F02CF8112002F08F
:1004400035F86420F9F724FC292002F02FF8352034
:1004500002F02CF8002002F01DF8512002F026F8DE
:10046000FF2002F017F8532002F020F82C2002F0B1
:1004700011F8552002F01AF8822002F00BF82C2017
:1004800002F014F810BD10B555214FF4704002F081
:1004900023F8AA214FF2010002F01EF852214FF278
:1004A000020002F019F808214FF2030002F014F8DC
:1004B00001214FF2040002F00FF80D214FF43040FB
:1004C00002F00AF80D214BF2010002F005F80D21AF
:1004D0004BF2020002F000F834214FF4364001F0F4
:1004E000FBFF34214BF2016001F0F6FF34214BF2A7
:1004F000026001F0F1FF0D214FF4314001F0ECFFFB
:100500000D214BF2011001F0E7FF0D214BF202101B
:1005100001F0E2FF34214FF4374001F0DDFF3421D8
:100520004BF2017001F0D8FF34214BF2027001F060
:10053000D3FF00214FF4324001F0CEFF00214BF2F7
:10054000012001F0C9FF00214BF2022001F0C4FF9D
:1005500024214FF4384001F0BFFF24214BF6010065
:1005600001F0BAFF24214BF6020001F0B5FF012192
:100570004FF43F4001F0B0FF0F214FF4334001F042
:10058000ABFF0F214BF2013001F0A6FF0F214BF220
:10059000023001F0A1FF34214FF4394001F09CFFFB
:1005A00034214BF6011001F097FF34214BF6021075
:1005B00001F092FF08214FF4354001F08DFF082132
:1005C0004BF2015001F088FF08214BF2025001F07C
:1005D00083FF03214FF4424001F07EFF24214FF4BA
:1005E0003A4001F079FF24214BF6012001F074FF1D
:1005F00024214BF6022001F06FFF00214FF43C4014
:1006000001F06AFF78214BF6014001F065FF0021FF
:100610004BF6024001F060FF00214FF43D4001F035
:100620005BFF78214BF6015001F056FF00214BF69D
:10063000025001F051FF00214FF43E4001F04CFF09
:1006400064214BF6016001F047FF00214FF4514057
:1006500001F042FF33214DF2011001F03DFF002176
:100660004DF2021001F038FF34214DF2031001F079
:1006700033FF00214DF2041001F02EFF3A214DF21C
:10068000051001F029FF00214DF2061001F024FFB2
:100690004A214DF2071001F01FFF00214DF2081012
:1006A00001F01AFF5C214DF2091001F015FF002145
:1006B0004DF20A1001F010FF81214DF20B1001F0F4
:1006C0000BFF00214DF20C1001F006FFA6214DF2A8
:1006D0000D1001F001FF00214DF20E1001F0FCFEA3
:1006E000E5214DF20F1001F0F7FE01214DF210103F
:1006F00001F0F2FE13214DF2111001F0EDFE012187
:100700004DF2121001F0E8FE54214DF2131001F0E9
:10071000E3FE01214DF2141001F0DEFE82214DF2C4
:10072000151001F0D9FE01214DF2161001F0D4FE92
:10073000CA214DF2171001F0CFFE02214DF2181020
:1007400001F0CAFE00214DF2191001F0C5FE022190
:100750004DF21A1001F0C0FE01214DF21B1001F004
:10076000BBFE02214DF21C1001F0B6FE34214DF209
:100770001D1001F0B1FE02214DF21E1001F0ACFE81
:1007800067214DF21F1001F0A7FE02214DF220104B
:1007900001F0A2FE84214DF2211001F09DFE022104
:1007A0004DF2221001F098FEA4214DF2231001F029
:1007B00093FE02214DF2241001F08EFEB7214DF27E
:1007C000251001F089FE02214DF2261001F084FE71
:1007D000CF214DF2271001F07FFE02214DF22810AB
:1007E00001F07AFEDE214DF2291001F075FE0221A2
:1007F0004DF22A1001F070FEF2214DF22B1001F0A3
:100800006BFE02214DF22C1001F066FEFE214DF22E
:100810002D1001F061FE03214DF22E1001F05CFE5F
:1008200010214DF22F1001F057FE03214DF2301030
:1008300001F052FE33214DF2311001F04DFE032143
:100840004DF2321001F048FE6D214DF2331001F0EF
:1008500043FE00214FF4524001F03EFE33214DF2A1
:10086000012001F039FE00214DF2022001F034FE9A
:1008700034214DF2032001F02FFE00214DF204201F
:1008800001F02AFE3A214DF2052001F025FE00215B
:100890004DF2062001F020FE4A214DF2072001F022
:1008A0001BFE00214DF2082001F016FE5C214DF2E6
:1008B000092001F011FE00214DF20A2001F00CFE8A
:1008C00081214DF20B2001F007FE00214DF20C209A
:1008D00001F002FEA6214DF20D2001F0FDFD0021E8
:1008E0004DF20E2001F0F8FDE5214DF20F2001F050
:1008F000F3FD01214DF2102001F0EEFD13214DF228
:10090000112001F0E9FD01214DF2122001F0E4FD7A
:1009100054214DF2132001F0DFFD01214DF214208E
:1009200001F0DAFD82214DF2152001F0D5FD012103
:100930004DF2162001F0D0FDCA214DF2172001F032
:10094000CBFD02214DF2182001F0C6FD00214DF231
:10095000192001F0C1FD02214DF21A2001F0BCFD69
:1009600001214DF21B2001F0B7FD02214DF21C20A8
:1009700001F0B2FD34214DF21D2001F0ADFD022148
:100980004DF21E2001F0A8FD67214DF21F2001F05D
:10099000A3FD02214DF2202001F09EFD84214DF2A5
:1009A000212001F099FD02214DF2222001F094FD59
:1009B000A4214DF2232001F08FFD02214DF22420CD
:1009C00001F08AFDB7214DF2252001F085FD0221BD
:1009D0004DF2262001F080FDCF214DF2272001F0BD
:1009E0007BFD02214DF2282001F076FDDE214DF243
:1009F000292001F071FD02214DF22A2001F06CFD49
:100A0000F2214DF22B2001F067FD02214DF22C2046
:100A100001F062FDFE214DF22D2001F05DFD03216C
:100A20004DF22E2001F058FD10214DF22F2001F043
:100A300053FD03214DF2302001F04EFD33214DF2E4
:100A4000312001F049FD03214DF2322001F044FD37
:100A50006D214DF2332001F03FFD00214FF4534052
:100A600001F03AFD33214DF2013001F035FD002156
:100A70004DF2023001F030FD34214DF2033001F02F
:100A80002BFD00214DF2043001F026FD3A214DF2FC
:100A9000053001F021FD00214DF2063001F01CFD72
:100AA0004A214DF2073001F017FD00214DF20830C8
:100AB00001F012FD5C214DF2093001F00DFD002125
:100AC0004DF20A3001F008FD81214DF20B3001F0AA
:100AD00003FD00214DF20C3001F0FEFCA6214DF289
:100AE0000D3001F0F9FC00214DF20E3001F0F4FC64
:100AF000E5214DF20F3001F0EFFC01214DF21030F5
:100B000001F0EAFC13214DF2113001F0E5FC012166
:100B10004DF2123001F0E0FC54214DF2133001F09F
:100B2000DBFC01214DF2143001F0D6FC82214DF2A4
:100B3000153001F0D1FC01214DF2163001F0CCFC52
:100B4000CA214DF2173001F0C7FC02214DF21830D6
:100B500001F0C2FC00214DF2193001F0BDFC022170
:100B60004DF21A3001F0B8FC01214DF21B3001F0BA
:100B7000B3FC02214DF21C3001F0AEFC34214DF2E9
:100B80001D3001F0A9FC02214DF21E3001F0A4FC41
:100B900067214DF21F3001F09FFC02214DF2203001
:100BA00001F09AFC84214DF2213001F095FC0221E4
:100BB0004DF2223001F090FCA4214DF2233001F0DF
:100BC0008BFC02214DF2243001F086FCB7214DF25E
:100BD000253001F081FC02214DF2263001F07CFC31
:100BE000CF214DF2273001F077FC02214DF2283061
:100BF00001F072FCDE214DF2293001F06DFC022182
:100C00004DF22A3001F068FCF2214DF22B3001F058
:100C100063FC02214DF22C3001F05EFCFE214DF20E
:100C20002D3001F059FC03214DF22E3001F054FC1F
:100C300010214DF22F3001F04FFC03214DF23030E6
:100C400001F04AFC33214DF2313001F045FC032123
:100C50004DF2323001F040FC6D214DF2333001F0A5
:100C60003BFC00214FF4544001F036FC33214DF29F
:100C7000014001F031FC00214DF2024001F02CFC5A
:100C800034214DF2034001F027FC00214DF20440D5
:100C900001F022FC3A214DF2054001F01DFC00213B
:100CA0004DF2064001F018FC4A214DF2074001F0D8
:100CB00013FC00214DF2084001F00EFC5C214DF2C6
:100CC000094001F009FC00214DF20A4001F004FC4A
:100CD00081214DF20B4001F0FFFB00214DF20C4051
:100CE00001F0FAFBA6214DF20D4001F0F5FB0021C9
:100CF0004DF20E4001F0F0FBE5214DF20F4001F006
:100D0000EBFB01214DF2104001F0E6FB13214DF207
:100D1000114001F0E1FB01214DF2124001F0DCFB3A
:100D200054214DF2134001F0D7FB01214DF2144044
:100D300001F0D2FB82214DF2154001F0CDFB0121E3
:100D40004DF2164001F0C8FBCA214DF2174001F0E8
:100D5000C3FB02214DF2184001F0BEFB00214DF211
:100D6000194001F0B9FB02214DF21A4001F0B4FB29
:100D700001214DF21B4001F0AFFB02214DF21C405E
:100D800001F0AAFB34214DF21D4001F0A5FB022128
:100D90004DF21E4001F0A0FB67214DF21F4001F013
:100DA0009BFB02214DF2204001F096FB84214DF285
:100DB000214001F091FB02214DF2224001F08CFB19
:100DC000A4214DF2234001F087FB02214DF2244083
:100DD00001F082FBB7214DF2254001F07DFB02219D
:100DE0004DF2264001F078FBCF214DF2274001F073
:100DF00073FB02214DF2284001F06EFBDE214DF223
:100E0000294001F069FB02214DF22A4001F064FB08
:100E1000F2214DF22B4001F05FFB02214DF22C40FC
:100E200001F05AFBFE214DF22D4001F055FB03214C
:100E30004DF22E4001F050FB10214DF22F4001F0F9
:100E40004BFB03214DF2304001F046FB33214DF2C4
:100E5000314001F041FB03214DF2324001F03CFBF7
:100E60006D214DF2334001F037FB00214FF4554026
:100E700001F032FB33214DF2015001F02DFB002136
:100E80004DF2025001F028FB34214DF2035001F0E5
:100E900023FB00214DF2045001F01EFB3A214DF2DC
:100EA000055001F019FB00214DF2065001F014FB32
:100EB0004A214DF2075001F00FFB00214DF208507E
:100EC00001F00AFB5C214DF2095001F005FB002105
:100ED0004DF20A5001F000FB81214DF20B5001F060
:100EE000FBFA00214DF20C5001F0F6FAA6214DF26A
:100EF0000D5001F0F1FA00214DF20E5001F0ECFA24
:100F0000E5214DF20F5001F0E7FA01214DF21050AA
:100F100001F0E2FA13214DF2115001F0DDFA012146
:100F20004DF2125001F0D8FA54214DF2135001F055
:100F3000D3FA01214DF2145001F0CEFA82214DF284
:100F4000155001F0C9FA01214DF2165001F0C4FA12
:100F5000CA214DF2175001F0BFFA02214DF218508C
:100F600001F0BAFA00214DF2195001F0B5FA022150
:100F70004DF21A5001F0B0FA01214DF21B5001F070
:100F8000ABFA02214DF21C5001F0A6FA34214DF2C9
:100F90001D5001F0A1FA02214DF21E5001F09CFA01
:100FA00067214DF21F5001F097FA02214DF22050B7
:100FB00001F092FA84214DF2215001F08DFA0221C4
:100FC0004DF2225001F088FAA4214DF2235001F095
:100FD00083FA02214DF2245001F07EFAB7214DF23E
:100FE000255001F079FA02214DF2265001F074FAF1
:100FF000CF214DF2275001F06FFA02214DF2285017
:1010000001F06AFADE214DF2295001F065FA022161
:101010004DF22A5001F060FAF2214DF22B5001F00E
:101020005BFA02214DF22C5001F056FAFE214DF2EE
:101030002D5001F051FA03214DF22E5001F04CFADF
:1010400010214DF22F5001F047FA03214DF230509C
:1010500001F042FA33214DF2315001F03DFA032103
:101060004DF2325001F038FA6D214DF2335001F05B
:1010700033FA00214FF4564001F02EFA33214DF29D
:10108000016001F029FA00214DF2026001F024FA1A
:1010900034214DF2036001F01FFA00214DF204608B
:1010A00001F01AFA3A214DF2056001F015FA00211B
:1010B0004DF2066001F010FA4A214DF2076001F08E
:1010C0000BFA00214DF2086001F006FA5C214DF2A6
:1010D000096001F001FA00214DF20A6001F0FCF90B
:1010E00081214DF20B6001F0F7F900214DF20C6007
:1010F00001F0F2F9A6214DF20D6001F0EDF90021A9
:101100004DF20E6001F0E8F9E5214DF20F6001F0BB
:10111000E3F901214DF2106001F0DEF913214DF2E7
:10112000116001F0D9F901214DF2126001F0D4F9FA
:1011300054214DF2136001F0CFF901214DF21460FA
:1011400001F0CAF982214DF2156001F0C5F90121C3
:101150004DF2166001F0C0F9CA214DF2176001F09E
:10116000BBF902214DF2186001F0B6F900214DF2F1
:10117000196001F0B1F902214DF21A6001F0ACF9E9
:1011800001214DF21B6001F0A7F902214DF21C6014
:1011900001F0A2F934214DF21D6001F09DF9022108
:1011A0004DF21E6001F098F967214DF21F6001F0C9
:1011B00093F902214DF2206001F08EF984214DF265
:1011C000216001F089F902214DF2226001F084F9D9
:1011D000A4214DF2236001F07FF902214DF2246039
:1011E00001F07AF9B7214DF2256001F075F902217D
:1011F0004DF2266001F070F9CF214DF2276001F029
:101200006BF902214DF2286001F066F9DE214DF202
:10121000296001F061F902214DF22A6001F05CF9C8
:10122000F2214DF22B6001F057F902214DF22C60B2
:1012300001F052F9FE214DF22D6001F04DF903212C
:101240004DF22E6001F048F910214DF22F6001F0AF
:1012500043F903214DF2306001F03EF933214DF2A4
:10126000316001F039F903214DF2326001F034F9B7
:101270006D214DF2336001F02FF955214FF470408C
:1012800001F02AF9AA214FF2010001F025F95221BB
:101290004FF2020001F020F908214FF2030001F0A3
:1012A0001BF900214FF2040001F016F9CC214FF494
:1012B000314001F011F900214BF2011001F00CF95D
:1012C00005214FF4364001F007F970214FF4374003
:1012D00001F002F970214BF2017001F0FDF80121DB
:1012E0004FF4384001F0F8F803214BF6010001F00B
:1012F000F3F803214BF6020001F0EEF803214BF660
:10130000030001F0E9F802214FF43C4001F0E4F859
:1013100000214BF6014001F0DFF800214BF60240BE
:1013200001F0DAF8D0214FF4494001F0D5F802215C
:101330004CF6011001F0D0F850214CF6021001F0EB
:10134000CBF850214CF6031001F0C6F850214CF6B2
:10135000041001F0C1F800214FF4545001F0BCF822
:1013600055214FF4685001F0B7F84FF4885001F060
:101370009DF87820F8F796FC4FF4245001F096F889
:1013800010BD10B5E22001F091F81D2001F082F8A7
:10139000022001F07FF8042001F07CF86420F8F7C7
:1013A00081FCE02001F082F8012001F073F80A20AE
:1013B000F8F76EFCE02001F079F8032001F06AF8FC
:1013C0000C20F8F765FC012001F070F80A20F8F70E
:1013D0005FFCE62001F06AF82F2001F05BF8FF20A7
:1013E00001F058F8FF2001F055F8B02001F05EF848
:1013F000202001F04FF8002001F04CF8032001F00C
:1014000049F840F21F3001F045F8012001F042F8A0
:1014100040F2DF1001F03EF8002001F03BF8B4206C
:1014200001F044F8042001F035F840F21F4001F0CB
:1014300031F8002001F02EF82E2001F02BF80020CA
:1014400001F028F8002001F025F8002001F022F832
:10145000002001F01FF8B62001F028F8022001F06A
:1014600019F84FF4037001F015F8002001F012F89C
:10147000172001F00FF8152001F00CF8002001F002
:1014800009F8002001F006F8F02001F00FF8032021
:1014900001F000F8292001F009F8D02001F006F849
:1014A000002000F0F7FFBE2001F000F8052000F05A
:1014B000F1FFFE2000F0EEFF012000F0EBFF002026
:1014C00000F0E8FF002000F0E5FF002000F0E2FF60
:1014D000B82000F0EBFF032000F0DCFF012000F05B
:1014E000D9FFBA2000F0E2FF012000F0D3FF10BDC9
:1014F00010B5112000F0DAFF7820F8F7C9FB36208C
:1015000000F0D4FF002000F0C5FF3A2000F0CEFF2D
:10151000052000F0BFFFB22000F0C8FF0C2000F053
:10152000B9FF0C2000F0B6FF002000F0B3FF33201D
:1015300000F0B0FF332000F0ADFFB72000F0B6FFA1
:10154000352000F0A7FFBB2000F0B0FF322000F0F4
:10155000A1FFC02000F0AAFF0C2000F09BFFC220DA
:1015600000F0A4FF012000F095FFC32000F09EFFD3
:10157000102000F08FFFC42000F098FF202000F022
:1015800089FFC62000F092FF0F2000F083FFD020DB
:1015900000F08CFFA42000F07DFFA12000F07AFF76
:1015A000E02000F083FFD02000F074FF002000F066
:1015B00071FF022000F06EFF072000F06BFF0A2091
:1015C00000F068FF282000F065FF322000F062FF85
:1015D000442000F05FFF422000F05CFF062000F096
:1015E00059FF0E2000F056FF122000F053FF142088
:1015F00000F050FF172000F04DFFE12000F056FFF3
:10160000D02000F047FF002000F044FF022000F04F
:1016100041FF072000F03EFF0A2000F03BFF28209A
:1016200000F038FF312000F035FF542000F032FF89
:10163000472000F02FFF0E2000F02CFF1C2000F0B0
:1016400029FF172000F026FF1B2000F023FF1E209B
:1016500000F020FF2A2000F029FF002000F01AFFF0
:10166000002000F017FF002000F014FFEF2000F032
:1016700011FF2B2000F01AFF002000F00BFF0020CC
:1016800000F008FF012000F005FF3F2000F002FFFE
:10169000292000F00BFF10BD10B5112000F006FF4F
:1016A0007820F8F7F5FA362000F000FF482000F027
:1016B000F1FE3A2000F0FAFE552000F0EBFEF0209B
:1016C00000F0F4FEC32000F0E5FEF02000F0EEFE96
:1016D000962000F0DFFEB42000F0E8FE012000F0CC
:1016E000D9FEB62000F0E2FE0A2000F0D3FEA220D0
:1016F00000F0D0FEB72000F0D9FEC62000F0CAFEF0
:10170000B92000F0D3FE022000F0C4FEE02000F07B
:10171000C1FEC02000F0CAFE802000F0BBFE1620F3
:1017200000F0B8FEC12000F0C1FE192000F0B2FEAA
:10173000C22000F0BBFEA72000F0ACFEC52000F0E8
:10174000B5FE162000F0A6FEE82000F0AFFE402017
:1017500000F0A0FE8A2000F09DFE002000F09AFE1E
:10176000002000F097FE292000F094FE192000F0E0
:1017700091FEA52000F08EFE332000F08BFEE020CD
:1017800000F094FEF02000F085FE072000F082FEBD
:101790000D2000F07FFE042000F07CFE052000F00C
:1017A00079FE142000F076FE362000F073FE5420FF
:1017B00000F070FE4C2000F06DFE382000F06AFE54
:1017C000132000F067FE142000F064FE2E2000F0CD
:1017D00061FE342000F05EFEE12000F067FEF020A4
:1017E00000F058FE102000F055FE142000F052FECC
:1017F0000E2000F04FFE0C2000F04CFE082000F000
:1018000049FE352000F046FE442000F043FE4C2007
:1018100000F040FE262000F03DFE102000F03AFED1
:10182000122000F037FE2C2000F034FE322000F0B1
:1018300031FEF02000F03AFE3C2000F02BFEF020BC
:1018400000F034FE692000F025FE7820F8F720FA39
:10185000212000F02BFE292000F028FE10BD000002
:101860002DE9F84F05460E4617469846DDF82890B4
:101870004FF0000B1448006840B143463A463146E9
:101880002846CDF8009001F08FF81BE0781B401C33
:101890001FFA80FB344613E02146284600F06CFC1A
:1018A00000F010FE4FF0000A06E00849A1F8009091
:1018B0000AF101001FFA80FADA45F6DB601C84B2F7
:1018C0004445E9DDBDE8F88FE0040024000008602D
:1018D00000B595B001F0DAFAFB49888008468088A7
:1018E00010B101F02BF97EE200BF00BFF74800689D
:1018F00040F00800F54908600846006800F008005C
:10190000019000BF00BF00BF00BF00BF08460068D5
:1019100040F0080008600846006800F008000190E8
:1019200000BF00BF00BF00BF00BF0846006840F016
:10193000080008600846006800F00800019000BF39
:1019400000BF00BF00BF00BF0846006840F00800AD
:1019500008600846006800F00800019000BF00BF62
:1019600000BF00BF00BF0846006840F002000860EA
:101970000846006800F00200019000BF00BF00BFF1
:1019800080201090022011900120129002201390CC
:101990000C20149010A9CE48EFF734FF20201090AF
:1019A00010A9CB48EFF72EFF1020109010A9C848BF
:1019B000EFF728FF4FF40050109010A9C448EFF73C
:1019C00021FF202010900120119010A9C148EFF7AD
:1019D00019FF00F01FFAC048C0490860C0484860BD
:1019E000002088600021BD48C16001611021416173
:1019F00000218161C16101624FF480514162002187
:101A000081624FF48041C1620021016341634FF460
:101A1000801181630F20099000200A904E200B90C6
:101A200000200F900F200290002003900F200490C0
:101A30000020089002AA09A9A848F4F791F83220DA
:101A4000F8F726F9D32000F031FD00F011FA9E4995
:101A5000888000F00DFA9C49888000F009FA9A49C4
:101A60008880084680884FF6FF7101EA0020964979
:101A7000888000F0FDF9944989880843924988805C
:101A80000846808849F2413188427CD0042000F029
:101A90000DFD00F0EDF98C49888000F0E9F98A49E4
:101AA000888000F0E5F988498880084680884FF6EC
:101AB000FF7101EA00208449888000F0D9F9824949
:101AC00089880843804988800846808848F25251B6
:101AD000884203D147F289707B4988807A488088A0
:101AE00047F289718842D0D0D42000F0DFFC00F0AA
:101AF000BFF97549888000F0BBF97349888000F010
:101B0000B7F971498880084680884FF6FF7101EA6D
:101B100000206D49888000F0ABF96B498988084343
:101B2000694988800846808845F210318842ACD0E7
:101B3000D32000F0BBFC00F09BF96349888000F0E3
:101B400097F96149888000F093F95F4988800846D9
:101B500080884FF6FF7101EA00205B49888000F021
:101B600087F95949898808435749888008468088F9
:101B700047F29671884288D055214FF4704000F0AA
:101B8000ABFCAA2100E07EE04FF2010000F0A4FCD3
:101B900052214FF2020000F09FFC08214FF2030097
:101BA00000F09AFC01214FF2040000F095FC4FF484
:101BB000454000F07BFC00F05BF943498880084613
:101BC00080884FF6FF7101EA00203F4988804CF27F
:101BD000015000F06BFC00F04BF93B498988084349
:101BE000394988800520F8F753F83748808845F24E
:101BF0001051884247D0D32000F058FC00F038F94B
:101C00003149888000F034F92F49888000F030F99C
:101C10002D498880084680884FF6FF7101EA002030
:101C20002949888000F024F92749898808432649F2
:101C300088800846808849F60601884223D0A12082
:101C400000F034FC00F014F91F49888000F010F90E
:101C50001D498880084680884FF6FF7101EA002000
:101C60001949888000F004F9174989880843164902
:101C700088800846808845F26171884203D141F628
:101C80006310114988801048818816A0EEF722FC65
:101C90000D48808847F28971884202D1FFF728FCFD
:101CA0004CE00948808849F24131884202D1FDF771
:101CB000BBF943E00448808845F21031884217D1CF
:101CC000FDF768FC3AE000008C030024E044025871
:101CD000000C025800040258004000524003002447
:101CE000044100524C43442049443A25780D0A00EF
:101CF0004548808847F29671884202D1FFF7CCFCB4
:101D00001CE04148808845F21051884202D1FEF71C
:101D1000BAFB13E03C48808849F60601884202D1AC
:101D2000FDF798FA0AE03848808841F66311884246
:101D300004D1FFF726FB642000F084FB3248808842
:101D400049F2413188420AD10420029004902F497F
:101D5000CB6A8A68486802A9EEF7C6FF43E02A48C2
:101D6000808847F2897188420AD105200290049048
:101D70002649CB6A8A68486802A9EEF7B5FF32E0C7
:101D80002148808841F6631188420AD107200290D9
:101D900004901E49CB6A8A68486802A9EEF7A4FF3E
:101DA00021E01948808845F21031884211D0164848
:101DB000808845F2105188420BD01348808847F242
:101DC0009671884205D01048808849F606018842FD
:101DD00009D10320029004900C49CB6A8A684868B4
:101DE00002A9EEF781FF0020FDF720F800BF0122D5
:101DF00020210748EFF70CFE00BF4FF6FF70FCF7FD
:101E0000B3FF15B000BD00008C0300244003002484
:101E1000000402581FB5F0F797F801208DF8000074
:101E200000208DF801004FF0C04001901B208DF87C
:101E3000080000208DF809008DF80A0003208DF8B5
:101E40000B0000208DF80C008DF80D008DF80E00B1
:101E500001208DF80F006846F0F748F80420F0F7ED
:101E600089F81FBD00BF011EA0F10100FBD1704722
:101E700008B5034800880090BDF8000008BD0000C8
:101E8000000008602DE9F04105460E4600240027B9
:101E9000A04628480088A84203DD26484088B04272
:101EA00002DC0020BDE8F0812348006820B1314603
:101EB000284601F053F8F5E73146284600F05CF972
:101EC0001C48808845F21051884204D14FF43850A4
:101ED00000F0ECFA02E02E2000F0E8FAFFF7C8FF6D
:101EE00004461448808841F66311884201D1204697
:101EF000D8E70220FFF7B6FFFFF7BAFF04460D4808
:101F0000808847F29671884201D12046CAE70220B4
:101F1000FFF7A8FFFFF7ACFF8046E7B24FF6FF7070
:101F200000EA0727E012C002B91240EA411040EA75
:101F3000E820B7E78C030024E0040024F0B5054650
:101F4000002400278B488079012805D189488088A2
:101F500041F66311884208D186488079F0B98548F6
:101F6000808841F66311884218D1082D15D2DFE828
:101F700005F00406080A0C0E101206250DE00725D0
:101F80000BE0042509E0052507E0012505E0002513
:101F900003E0032501E0022500BF00BF082D1CD28D
:101FA000DFE805F00406090C0F12151800BF14E055
:101FB00044F0800411E044F040040EE044F0C0041A
:101FC0000BE044F0200408E044F0600405E044F035
:101FD000A00402E044F0E00400BF00BF36276548DB
:101FE000808845F21051884200D13F0261488088C4
:101FF00049F2413188420BD05E48808847F28971AE
:10200000884205D05B48808847F29671884201D1AA
:1020100044F008042146384600F05EFA55488088AE
:1020200041F6631188421DD004F0200068B1514888
:10203000008850494988884214DA4E48068840880A
:102040004C490880084646800CE04A4800884949C7
:102050004988884206DD4748068840884549088007
:10206000084646804348808845F21051884252D144
:102070004049488900F01AFA002000F00BFA3D4967
:102080004989491C88B200F011FA002000F002FAD8
:1020900038494989891C88B200F008FA354909880D
:1020A000491EC1F30F2000F0F5F932494989C91CD6
:1020B00088B200F0FBF92F490978491EC8B200F038
:1020C000E9F92C49888900F0F1F9002000F0E2F9E3
:1020D00028498989491C88B200F0E8F9002000F0FD
:1020E000D9F924498989891C88B200F0DFF921498E
:1020F0004988491EC1F30F2000F0CCF91D49898998
:10210000C91C88B200F0D2F91A498978491EC8B2B0
:1021100000F0C0F92DE01749488900F0C7F9002008
:1021200000F0B8F9002000F0B5F912490988491EFD
:10213000C1F30F2000F0AEF90E490978491EC8B26C
:1021400000F0A8F90B49888900F0B0F9002000F0F0
:10215000A1F9002000F09EF906494988491EC1F303
:102160000F2000F097F903498978491EC8B200F0A2
:1021700091F9F0BD8C03002410B502460C46454889
:10218000808841F66311884247D142488079A8B9D6
:1021900040480088401E801A82B23E49488900F0BB
:1021A00085F9002000F076F9002000F073F9101294
:1021B00000F070F9D0B200F06DF916E035494889A9
:1021C00000F074F9101200F065F9D0B200F062F975
:1021D00030490988491EC1F30F2000F05BF92D49F1
:1021E0000978491EC8B200F055F92A49888900F0DB
:1021F0005DF9201200F04EF9E0B200F04BF92549EC
:102200004988491EC1F30F2000F044F9214989781B
:10221000491EC8B200F03EF93AE01E48808845F2F7
:102220001051884220D11B49488900F03FF9101213
:1022300000F030F917494989491C88B200F036F995
:10224000D0B200F027F91349888900F02FF9201245
:1022500000F020F90F498989491C88B200F026F95D
:10226000E0B200F017F913E00A49488900F01EF9BE
:10227000101200F00FF9D0B200F00CF9054988896E
:1022800000F014F9201200F005F9E0B200F002F9B4
:1022900010BD00008C0300242DE9FC5F80460E4633
:1022A00015461C46B3460020019000902046E317D7
:1022B00004EB5373DB1021464FEAE47C04EB5C7CB7
:1022C0004FEAEC0CA4EBCC0CBCF1000F02D04FF0A9
:1022D000010C01E04FF0000C6344224604EBD27C79
:1022E0004FEA6C0C03FB0CF3DBB20193A5F1200069
:1022F000C5B20C2C06D0102C0BD0182C0ED0202CD4
:1023000018D112E005EB45002D4901EB800000904B
:1023100012E02C4800EB051000900DE005EBC50025
:10232000294901EB8000009006E0284800EB851069
:10233000009001E0BDE8FC9F00BF00273AE0009854
:1023400010F807904FF0000A2EE009F0800028B145
:10235000314640460D9AFCF74DFE07E00C9828B92F
:102360001B48314602684046FCF744FE4FEA49608C
:102370004FEA1069701C86B216484088B04200DCF3
:10238000D8E7A6EB0B00A0420AD15E4608F1010097
:102390001FFA80F80F480088404500DCCAE706E0D5
:1023A0000AF1010000F0FF0ABAF1080FCDDB00BF0F
:1023B000781CC7B201988742C1DB00BFBAE70000B2
:1023C000E47A0108587F010848850108A4920108B1
:1023D0002C0000248C0300242DE9FC5F04460D46EC
:1023E00090469946DDE90D7A0C9E04F0FF0B08EB50
:1023F00004001FFA80F809EB05001FFA80F917E0C6
:10240000444502DB5C46A81985B24D4500DB15E06A
:102410000020CDE9000A3A78334629462046FFF7E6
:102420003BFF304606EBD07104EB61018CB27F1CA0
:1024300038787E2802DC38782028E1DA00BFBDE851
:10244000FC9F000000B50246BE2000F02FF80520DA
:1024500000F020F800EE102AB8EE400B9FED0B1BA9
:1024600020EE010BBCEEC00B10EE101A88B200F08B
:1024700011F8012000F00EF8FF2000F00BF800200A
:1024800000F008F8002000F005F800BD66666666FA
:102490006666044001B5BDF800000090BDF800007C
:1024A0000149088008BD00000000086001B5BDF8C2
:1024B00000000090BDF800000149088008BD000040
:1024C000FEFF07600248008902490880704700004B
:1024D0008C030024FEFF0760024A1080921C1180CA
:1024E00070470000FEFF076070B505460C4604F11A
:1024F0001A0000F049F806462878032805D104F1AF
:10250000140000F041F846EA0046304670BD01462E
:10251000C8788A7842EA00204A7842EA00200A789D
:1025200042EA0020704770B50246D37900242502A4
:1025300045EA1364907940EA0323250245EA1364CF
:10254000507940EA0323250245EA1364107940EAF2
:102550000323250245EA1364D07840EA03232002CE
:1025600040EA1364917841EA0323210241EA1364AB
:10257000507840EA0323250245EA1364117841EAC2
:1025800003231846214670BD014648780A7842EA7E
:102590000020704700B587B000BF00BF1E4800682C
:1025A00040F002001C4908600846006800F0020084
:1025B000019000BF00BF00BF00BF00BF0846006819
:1025C00040F0020008600846006800F00200019038
:1025D00000BF00BF00BF02200290012003900490C2
:1025E000059002A90D48EFF70DF90120029002A90C
:1025F0000A48EFF707F900BF012202210748EFF769
:1026000007FA00BF00BF012211460448EFF700FAA5
:1026100000BF07B000BD0000E044025800040258AB
:1026200070B504460D4628682060286AA06095F8B9
:102630002400E071686A20F0FF000021C4E9040171
:102640000020E061A86AE0642046E16CF7F7C7FE6D
:1026500006461EB9204600F003F80646304670BD17
:102660002DE9F047044620680669A16B206801F057
:10267000F3FB054615B12846BDE8F087E06B00780E
:10268000852801D00220F7E720223046E16BEEF7E3
:1026900017F97078401C4FEA4018B8F1600F02D368
:1026A000B8F5187F01D90220E6E700212046F7F7A8
:1026B00090FC0546042D00D102250DB12846DBE72C
:1026C000A16B206801F0C8FB05460DB12846D3E791
:1026D000E06B0078C02801D00220CDE7202206F16F
:1026E0002000E16BEEF7ECF896F823002C300F2178
:1026F000B0FBF1F0B8EB401F01D20220BCE740274D
:1027000000BF00212046F7F764FC0546042D00D1E8
:1027100002250DB12846AFE7A16B206801F09CFBB4
:1027200005460DB12846A7E7E06B0078C12801D027
:102730000220A1E7B7F5187F04D2F0192022E16B3F
:10274000EEF7BEF807F1200007464045D9D3B7F5AC
:10275000187F0AD8304605F015F98146B01CFFF7FE
:1027600013FF814501D0022086E7002084E70000A6
:1027700018B5044606480094008B401E83B20448F6
:10278000C08A401E82B20021084600F00DF918BD33
:10279000E004002470B5B0B006460C4615464FF074
:1027A000005001900A940B9602210C910D910E9508
:1027B00001A8F0F74FFE10B9002030B070BD012025
:1027C000FBE700002DE9F84F04460D4616464FF092
:1027D000000CDFF8489199F81590B9F1000F04D07A
:1027E0002046294632461F4611E02846DFF82C9144
:1027F000D9F80490A9EB0609A9F101011A46DFF8FE
:102800001C91D9F80490A9EB0409A9F10107DFF89C
:102810000C91B9F80090A2EB000A0AF1010AA9EBA9
:102820000A091FFA89F8DFF8F49099F81490DFF894
:10283000F0A05AF82990DFF8E4A0DAF81CA0DFF83D
:10284000DCB0DBF800B00BFB010B0AFB0B9E00BFFA
:10285000DFF8D090D9F8009049F01009DFF8C4A053
:10286000CAF80090D146D9F8009009F01009CDF8C7
:10287000009000BF00BFDFF8B090D9F8009029F0B9
:102880000109DFF8A4A0CAF800904FF00009CAF8C7
:1028900000904FF00209CAF81C904FF00009CAF8E6
:1028A0001090D146C9F84080DDF82890CAF80C9005
:1028B000D146C9F83CE0A7EB010909F10109A2EBF7
:1028C000000A0AF1010A49EA0A49DFF85CA0CAF8DD
:1028D0004490D146D9F8009049F00109CAF8009017
:1028E00005E00CF1010CBCF5001F00D308E0DFF897
:1028F0003890D9F8049009F00209B9F1000FF0D02E
:1029000000BFDFF82490D9F8089049F00209DFF8F9
:1029100018A0CAF80890BDE8F88F0000E004002471
:1029200030000024D4440258001000520949487570
:1029300030B98988074AD18211460988118308E095
:10294000012806D103490988024AD18211468988A3
:1029500011837047E004002470B5114B5B7D6BB1AF
:102960000F4BDB690E4D2D6805FB01056B430C4DCC
:102970002D7D0C4E56F82550EA520FE0084B1D688D
:102980005B681B1A5B1E05FB0313054DED696B436A
:10299000034D2D7D034E56F82550EA5270BD0000C0
:1029A000E0040024300000242DE9F84F04460D46D1
:1029B0001E464FF0000CDFF8749199F81590B9F1AC
:1029C000000F04D020462946134637462DE0DFF895
:1029D0005C91D9F80490914507D8DFF85091B9F887
:1029E0000490A9F101091FFA89F2DFF84091D9F8A2
:1029F0000490A14507D8DFF83491B9F80490A9F103
:102A000001091FFA89F42846DFF82091D9F80490CB
:102A1000A9EB0209A9F101013346DFF81091D9F8B9
:102A20000490A9EB0409A9F10107DFF80091B9F8B6
:102A30000090A3EB000A0AF1010AA9EB0A091FFAA8
:102A400089F8DFF8E89099F81490DFF8E4A05AF8D4
:102A50002990DFF8D8A0DAF81CA0DFF8D0B0DBF8B6
:102A600000B00BFB010B0AFB0B9E00BFDFF8C4900C
:102A7000D9F8009049F01009DFF8B8A0CAF8009022
:102A8000D146D9F8009009F01009CDF8009000BFA8
:102A900000BFDFF8A490D9F8009029F00109DFF811
:102AA00098A0CAF800904FF44039CAF800904FF04F
:102AB0000209CAF83490D146C9F84080C9F83CE010
:102AC000A7EB010909F10109A3EB000A0AF1010AC8
:102AD00049EA0A49DFF860A0CAF84490DDF8289076
:102AE000CAF83890D146D9F8009049F00109CAF8DF
:102AF000009005E00CF1010CBCF5001F00D308E0CC
:102B0000DFF83490D9F8049009F00209B9F1000F08
:102B1000F0D000BFDFF82090D9F8089049F0020902
:102B2000DFF814A0CAF80890BDE8F88FE00400248C
:102B300030000024D4440258001000521FB5002475
:102B400000F0A4F9044644F24230844218D14FF414
:102B5000F0709D4908604FF488704860012008813A
:102B60004881282088810820C88105200882082003
:102B70004882212219214FF49670FFF70BFE7EE068
:102B800047F28400844218D14FF448708E4908609F
:102B90004FF4F07048600120088148812E20888120
:102BA0001720C881D22008821620488209221921C4
:102BB0004FF49670FFF7EEFD61E047F21600844295
:102BC00019D14FF48060804908604FF41670486056
:102BD00014200881032048818C2088811420C8811A
:102BE000A02008820C204882062219214FF49670FA
:102BF000FFF7D0FD43E047F21800844207D14FF4BD
:102C0000A060714908604FF44870486037E044F2B2
:102C10008430844219D14FF448706B4908604FF4F6
:102C2000F070486058208881282008823020088170
:102C30002020C8810D2048820320488109221921C3
:102C40004FF49670FFF7A6FD19E041F21800844298
:102C500015D14FF4A0605C4908604FF4487048609B
:102C60008C2088810A2008820881C881488203203C
:102C70004881062219214FF49670FFF78BFD5248C8
:102C800000885249088050488088488002204E4978
:102C9000C8614F484F4908604F48504908600020BC
:102CA000486000214D488160C16000204B4981F897
:102CB000A10041F21800844204D14FF080514748EE
:102CC000016102E00021454801613F480089401E42
:102CD000424948613C484089401E88613A48008921
:102CE000394989890844401E3C49C86136484089B1
:102CF0003549C9890844401E38490862324800896C
:102D0000314989890844304909680844401E3349DB
:102D100048622D4840892C49C98908442A49496894
:102D20000844401E2D498862274800892649898920
:102D300008442549096808442349098A0844401E73
:102D40002649C862204840891F49C98908441E494C
:102D5000496808441C49498A0844401E1F490863C1
:102D600000211E4880F8361080F8351080F83410A5
:102D7000EEF7F8FE002007210622CDE90002CDE99A
:102D800002101448FF2302220168002000F02AF8F4
:102D90000D48808880B200900B48008883B20022E2
:102DA0001146104600F05AF8002000F0FFF800BF6E
:102DB000012220210A48EEF72BFE00BF4FF0FF3022
:102DC000FFF7D6FC1FBD0000E00400248C030024A4
:102DD000000000C03000002400100050D003002488
:102DE000000402582DE9F04F8DB005460E461746F7
:102DF0009846DDE917ABDDF85890199C002000904B
:102E000002901448006801901248406803900497AB
:102E1000CDF81480CDF818904FEA0A200790CDF82D
:102E200020B009960B4800680A900A4840680B9049
:102E3000002001148DF8321001128DF83110E0B22B
:102E40008DF830002A4669460348EEF75BFE0DB068
:102E5000BDE8F08FE0040024D00300242DE9F04108
:102E600004460E4617461D46DDF8188023463A46AE
:102E700031460548EEF7CEFF234642462946024832
:102E8000EEF7FEFFBDE8F081D003002410B586B058
:102E9000002400BF2E48006840F040002C49086024
:102EA0000846006800F04000009000BF00BF00BF6F
:102EB0000846006840F4807008600846006800F426
:102EC0008070009000BF00BF402001900020029061
:102ED000012003900320049001A91E48EEF792FC04
:102EE0008420019001A91C48EEF78CFC0220F6F723
:102EF000D9FE40211748EEF783FD04460421164809
:102F0000EEF77EFD44EA4000C4B280211248EEF79D
:102F100077FD44EA8000C4B2062C17D2DFE804F043
:102F200003070A0D101344F2423006B010BD47F2F9
:102F30008400FAE747F21600F7E747F21800F4E7D3
:102F400044F28430F1E741F21800EEE70020ECE7AC
:102F5000E0440258001802580020025810B50246FA
:102F60001048407D68B10F48C0690E4B1B6803FBD9
:102F7000012358430B4B1B7D0B4C54F82330185A3C
:102F800010BD084803684068801A401E03FB00100B
:102F9000044BDB695843034B1B7D034C54F823302F
:102FA000185AEDE7E00400243000002401490875B8
:102FB00070470000E00400249AB000BF03F018F945
:102FC000EEF744FD042302220521A02003F0B4F90A
:102FD0004FF4C870F6F756FE4FF4E13003F0B4FB3F
:102FE000C82003F09FFF00F051FFFFF7D3FAFBF773
:102FF00041FE02F0E1FDFEF76BFC002001F008F855
:10300000012001F005F8022001F002F8032000F091
:10301000FFFF042000F0FCFF052000F0F9FFF7F7A8
:10302000C3FBB14901220868B0A1F7F729FEAE49F8
:1030300001224868AEA1F7F723FEAB490122886858
:10304000ACA1F7F71DFE1BE04FF47840AAA11022B7
:103050001346CDE900210290C82232211E20FFF73D
:10306000BBF9C820F6F714FE4FF6FF704223F0229A
:10307000322100901E20FEF7F3FBC820F6F708FE71
:10308000F8F78AFD0028DFD14FF4784000211022A4
:103090009CA3CDE90032CDE902101346C8223221AB
:1030A0001E2003F0EDFA4FF47840002110229AA37D
:1030B000CDE90032CDE902101346C82246211E2078
:1030C00003F0DEFA4FF478400021102297A3CDE9F7
:1030D0000032CDE902101346C8225A211E2003F007
:1030E000CFFA4FF478400021102295A3CDE90032A9
:1030F000CDE902101346C8226E211E2003F0C0FA4B
:103100004FF478400021102292A3CDE90032CDE99E
:1031100002101346C82282211E2003F0B1FA1DE0DE
:103120004FF47840002110228EA3CDE90032CDE982
:1031300002101346F02296211E2003F0A1FAC820A7
:10314000F6F7A6FD4FF6FF70BA23F0229621009005
:103150001E20FEF785FBC820F6F79AFD86A106A87B
:10316000F7F741FF0028DBD183A001F0D9FF064625
:103170001DE04FF478400021102282A3CDE90032F7
:10318000CDE902101346F02296211E2003F078FAB2
:10319000C820F6F77DFD4FF6FF70BA23F022962186
:1031A00000901E20FEF75CFBC820F6F771FD002E94
:1031B000DFD04FF49071002000F0D0FF054640F2C0
:1031C000FF11002000F0CAFF8346B100002000F08C
:1031D000C5FF07461DE04FF47840002110226DA383
:1031E000CDE90032CDE902101346F02296211E20CF
:1031F00003F046FAC820F6F74BFD4FF6FF70BA23EE
:10320000F022962100901E20FEF72AFBC820F6F738
:103210003FFD002DDFD0BBF1000FDCD0002FDAD056
:1032200055A106A8F7F7DFFE044604BB4FF00008DF
:103230001BE0129880B20590294606A8F8F743F8DB
:1032400004460CB9A87E00B910E005F11A00F7F7A2
:103250004BFA044604F0F000502806D1059847F8D0
:10326000280008F101001FFA80F8E2E700BF4FF4E0
:103270007840002110224BA3CDE90032CDE90210A5
:103280001346F02296211E2003F0FAF940F2DC509A
:10329000F6F7FEFC02F00AF90020FBF765FD00BF1F
:1032A00009200490EEF7C0FB814600BF1AE0EEF75C
:1032B000BBFB82463E48007838B13E490878002181
:1032C0003B4A1170D146049000BFAAEB090041F2BD
:1032D0008831884202D909200490D146049802F02E
:1032E000E9FC00BFE3E700000C890724303A000046
:1032F000313A0000323A0000466F6E742045727217
:103300006F722100D5FDB5E3D4ADD7D353544D33FF
:1033100032BFAAB7A2B0E500D3B2BCFE4A504547BF
:10332000BDE2C2EB20CAB5D1E9000000D5FDB5E38E
:10333000D4ADD7D340414C49454E54454B000000D5
:103340004B4559303A4E455854204B4559313A5027
:10335000524556004B45595F55503A5041555345DB
:103360003A00000050494354555245CEC4BCFEBCFF
:10337000D0B4EDCEF3210000313A2F5049435455DB
:1033800052450000C3BBD3D0CDBCC6ACCEC4BCFE3E
:1033900021000000C4DAB4E6B7D6C5E4CAA7B0DCA1
:1033A00021000000BFAACABCCFD4CABE2E2E2E0058
:1033B00001000024000000242DE9F04F85B00546EF
:1033C000D5F87C80A87BE97B10FB01F00390D5F851
:1033D0008000019000200490CAE0DDE903108842DB
:1033E00001D2002003E0DDE90310401A401C8346AF
:1033F000BBF1000F0DD0E87C03280AD0002705E0C0
:10340000802238467F1C019921F81020402FF7D3E5
:10341000A8E0BBF1000F01D0012000E000200290E5
:10342000002228460299FAF761FB0446002C04DAD0
:103430006042C0B205B0BDE8F08F264605F1140029
:1034400030F91B40EEB131462846F5F72EFC814697
:10345000B9F1000F03DAC9F10000C0B2EAE7701E4B
:10346000012101FA00F609EA060020B90120C0EBAB
:103470004600A9EB00094C4421B205F1140020F8E4
:103480001B1005F1100010F80B10403050F821000F
:1034900000900098006860430012C8F80000FC210A
:1034A00008F10400EDF7ADFA4FF0010A00BF012268
:1034B00028460299FAF71AFB044604B934E0002CB6
:1034C00002DA6042C0B2B5E726460AEB161ABAF134
:1034D000400F01D30620ADE706F00F00061E1ED0F8
:1034E00031462846F5F7E1FB0446002C02DA60423B
:1034F000C0B29FE7701E012101FA00F604EA06003F
:1035000018B90120C0EB4600241A1D4810F80A70B3
:10351000009850F827006043001248F827000AF18D
:10352000010082464028C2D300BFBAF1010F02D089
:10353000687B032812D1D8F80000C11700EB116195
:10354000091280310CB2002705E022B238467F1CF8
:10355000019921F81020402FF7D303E0404601994C
:10356000F5F7F9FB0198803001900498401C049015
:10357000DDE90301801C8142FFF42FAF002059E7F1
:103580009EAE01082DE9FF4F8DB004464FF48060D8
:103590000C90A07BC700E07BC0000B900F983844D4
:1035A000A18B884201D8384602E0A18B0F98081AF7
:1035B0000A900B9910980844E18B884201D80B9827
:1035C00002E0E18B1098081A0990617B0A98C840C4
:1035D0000A90617B0998C84009900A9808B1099837
:1035E00018B9002011B0BDE8F08F617B0F98C8407A
:1035F0000F90617B1098C84010900F9880B2ADF882
:1036000014000A990F980844401E80B2ADF81600C5
:10361000109880B2ADF81800099910980844401E1F
:1036200080B2ADF81A00607B03287DD0E56F0026DC
:103630006EE0D4F88000834681460B9810280BD1A9
:1036400070084FF4807101EBC00009EB4009082EAF
:1036500007D30BF1800B04E0F80000EBC60009EB88
:1036600040090BEB061B4FF000084EE0B9F90000D3
:1036700080380890B9F9800080380790102F09D160
:10368000B8F1080F01D10BF1700B08F0010009EB44
:10369000400901E009F102093BF902AB40F29B52FB
:1036A000079901FB02F0C11700EB91510AEBA12130
:1036B000C1F30901994A515C05F8011B4FF4B0723E
:1036C0000899514340F2DB23079A03FB0210C1170C
:1036D00000EB9151AAEBA121C1F309018F4A515C82
:1036E00005F8011B40F21672089901FB02F0C117A0
:1036F00000EB91510AEBA121C1F30901874A515C0A
:103700002970691C0D4608F10108B845AED3761C36
:103710000B9886428DD3607B002853D0637B5A0080
:1037200094F80DE0012300E04DE003FA0EF17B1A5E
:1037300003EB43030093E06F002640E04FF00008E6
:103740003AE006FB078E0EEB4E0EE36F03EB0E0521
:10375000002301930293039304931DE04FF0000CA8
:1037600013E015F8013BDDF80CE07344039315F802
:10377000013BDDF808E07344029315F8013BDDF8E6
:1037800004E0734401930CF1010C8C45E9D3009BD8
:103790001D44049B5B1C0493049B8B42DED3039B60
:1037A000D34000F8013B029BD34000F8013B019B52
:1037B000D34000F8013B8844B845C2D30E440B9B6C
:1037C0009E42BBD35AE0E56FD4F880100B98784343
:1037D00001EB4009B9F9000080380890B9F9800080
:1037E00080380790002646E0D4F880B0082E01D13A
:1037F0000BF5807B4FF000083AE0BBF900A00BF11D
:10380000800B40F29B52079901FB02F0C11700EBBD
:1038100091510AEBA121C1F30901404A515C05F81D
:10382000011B4FF4B0720899514340F2DB23079A11
:1038300003FB0210C11700EB9151AAEBA121C1F3C8
:103840000901364A515C05F8011B40F216720899CD
:1038500001FB02F0C11700EB91510AEBA121C1F36A
:1038600009012E4A515C2970691C0D4608F10808AF
:10387000B845C2D308360B988642B5D3607BC740A3
:103880000A98B84225D2D4F87CC06146604600232D
:103890001AE000220CE010F801CB01F801CB10F87F
:1038A00001CB01F801CB10F801CB01F801CB521C80
:1038B000DDF828C06245EED3DDF828C0A7EB0C0C7C
:1038C0000CEB4C0C60445B1CDDF824C06345E0D37A
:1038D00000BFE06F0246DDE909EC0CFB0EF300BF10
:1038E00010F801CB0CF0F80C4FEA0C2110F801CBCA
:1038F0000CF0FC0C41EACC0110F801CB41EAEC01E0
:1039000022F8021BA3F1010CBCF10003E8D105AAC7
:103910002046E16F0E9B9847C0B263E65EAF010898
:1039200010B506480168002000F006FC0348D0F8F6
:103930007811002000F000FC10BD00001889072459
:1039400010B54FF41671002000F008FC0B49086018
:103950004FF40071002000F001FC0849C1F8780123
:103960000846006828B10846D0F8780108B1002060
:1039700010BDFFF7D5FF0120FAE7000018890724E2
:1039800070B5054629461148F7F72DFB0446D4B912
:103990000FA0ECF79FFD14E00E490C48F7F793FCDD
:1039A000044624B90B48083890F8220000B909E011
:1039B000294609A0ECF78EFD06491A3107A0ECF75D
:1039C00089FDE9E700BF204670BD0000408A07245A
:1039D0000D0A00002089072425732F0025730D0A86
:1039E000000000002DE9F74F8CB000210D98016018
:1039F0000C98F8F7F4FE0A900A98002803DA0B20D6
:103A00000FB0BDE8F08FFE490A9851F820400CB97C
:103A10000C20F5E70D9804600E9800F0FE000E9063
:103A2000207878B16078F6F705FE83460BF0010048
:103A300040B90E9820B10BF0040008B10A20DFE76E
:103A40000020DDE7002020700A9860706078F6F7AB
:103A50001BFD83460BF0010008B10320D0E70E9850
:103A600020B10BF0040008B10A20C9E7002120466C
:103A7000F7F7F3FF0746042F01D10120C0E7022F1B
:103A800001D30D20BCE7A56B012F76D14FF00B09B8
:103A900001E009F10109B9F1400F05D204F13C0040
:103AA00010F809000028F4D0B9F1400F01D20D2020
:103AB000A6E704F1A400FEF767FDB0F5807F01D012
:103AC0000D209DE794F8A81001208840B0F5007FF4
:103AD00001D00D2094E704F18400FEF724FD034695
:103AE0000846591940F10000CDE90410DDE9041041
:103AF000091E70F1010001D30D2081E704F190004F
:103B0000FEF705FD206294F8AA00A070A0780128B5
:103B100001D00D2074E794F8A9100120884060813D
:103B2000608908B90D206BE704F19800FEF7EFFCFF
:103B30000646B4498E4201D90D2061E7B01CE06110
:103B4000656204F19400FEF7E2FC2844206304F16E
:103B50008C00FEF7DCFC2844A0624FF0000C60896A
:103B600000FB06F1226B53184CEB0C01DDE904203D
:103B7000D21A884102D20D2042E76CE004F19C0089
:103B8000FEF7C5FCE06200208146039000BFB9F15A
:103B9000000F16D161890398814201D80D202FE7CB
:103BA0002046E16AF5F719FC0399084401460190A3
:103BB000204600F051F908B1012021E70398401C8C
:103BC000039004F13C0010F80900812800D104E0C2
:103BD00009F12000C0F30809D9E700BF04F13C0156
:103BE000494401F11400FEF792FC8046B8F1020F3F
:103BF00002D3E069404501D80D2001E76289A8F1B0
:103C00000200216B02FB0010606300BFA06A00EBA2
:103C1000D811204600F020F908B10120F0E608F0A4
:103C20007F0104F13C0202EB8100FEF770FC029080
:103C30000298401C00B907E008F101008046029993
:103C40008842E3D00D20DBE600BF4FF0FF30A061DB
:103C500060610427F0E004F14700FEF795FCB0F541
:103C6000007F01D00D20CBE604F15200FEF78CFC62
:103C70008246BAF1000F04D104F16000FEF747FC60
:103C80008246C4F820A04C20005DA070A0780128D6
:103C900004D0A078022801D00D20B1E6A0780AFB5C
:103CA00000FA4920005D6081608918B16089411E79
:103CB000084008B10D20A3E604F14D00FEF764FCB6
:103CC0002081207A00F00F0008B10D2098E604F161
:103CD0004F00FEF759FC0990099820B904F15C00E7
:103CE000FEF715FC099004F14A00FEF74DFC069022
:103CF000069808B90D2083E606985044218900EB08
:103D000011100890DDE90801814201D20D2077E60B
:103D1000DDE90810401A6189B0FBF1F60EB90D20FB
:103D20006EE600273848864200D803274FF6F57024
:103D3000864200D8022740F6F570864200D8012757
:103D40000FB90D205CE6B01CE0616562069828445E
:103D5000A062089828442063032F13D104F1660061
:103D6000FEF712FC08B10D204AE6208908B10D20AB
:103D700046E604F16800FEF7CAFBE062E0698000F5
:103D8000079014E0208908B90D2039E6A06A504454
:103D9000E062022F02D1E069400007E0207F00F0DE
:103DA0000100E16901EB410100EB51000790216A3C
:103DB000079800F2FF10B1EB502F01D20D201FE643
:103DC0004FF0FF30A061606180202071032F33D15C
:103DD00004F16C00FEF7D8FB01282DD1691C2046A8
:103DE00000F03AF840BB0020207104F23A20FEF7C0
:103DF000CBFB4AF6552188421ED104F13C0005E078
:103E000000890724FDFFFF7FF5FFFF0FFEF77FFB13
:103E10000E49884210D104F50870FEF778FB0C4972
:103E2000884209D104F50970FEF771FBA06104F521
:103E30000A70FEF76CFB6061277006480088401C22
:103E400080B204490880E0800020D9E552526141E7
:103E500072724161D801002470B504460D460026F7
:103E6000A06BA84210D0204602F09CF906465EB92D
:103E7000607801232A4604F13C01F6F791FB10B16A
:103E80004FF0FF350126A563304670BD1FB50120F8
:103E900000220323CDE9012000930390134602463C
:103EA0001021400700F04FF8002001210323CDE945
:103EB000003103460222CDE902101221480600F02B
:103EC00042F8012000220323CDE901200093039052
:103ED000134603221221100700F035F801200022BA
:103EE0000323CDE9012000930390134604220F2100
:103EF0004FF0605000F027F800200323CDE9003098
:103F0000029003460522192103904FF0C04000F0B3
:103F10001AF8012000220323CDE901200093039029
:103F2000134606221821C80600F00DF800200323CE
:103F3000CDE900300290012307221B210390C8071E
:103F400000F001F81FBD2DE9FF5F04460D4616463F
:103F50001F46DDE910ABDDE90E89EDF7F5FF012025
:103F60008DF80000F0B28DF8010001948DF80C700E
:103F7000E8B28DF8080000208DF809008DF80A00DD
:103F80008DF80B808DF80D908DF80EA08DF80FB088
:103F90006846EDF7ABFF0420EDF7ECFF002004B01E
:103FA000BDE8F09F2DE9F04104460E461548005D3E
:103FB00038B9144838380168204688470120BDE8E0
:103FC000F081114850F82400B04219D90F4850F838
:103FD0002400B6FBF0F10B48183850F8240050F8D4
:103FE0002120002508E000230648183850F8240056
:103FF0004F1940F827306D1C9542F4DB0020DEE7B6
:104000000220DCE7D001002494AA01087CAA010860
:1040100010B50446074951F824108A00064951F8A2
:104020002400002100F07EF80121034818300155DA
:1040300010BD000064AA0108B80100242DE9F04772
:1040400004460F460025A9462348005D20B92248B2
:1040500038380168204688471FB94FF0FF30BDE867
:10406000F0871E4850F82400B7FBF0F61B4850F8C4
:104070002400B7FBF0F100FB117000B1761C18486A
:1040800050F82400451E22E01348183850F8240048
:1040900050F8250010B909F1010901E04FF00009BD
:1040A000B14513D14FF0000809E00B48183850F81B
:1040B000240005EB080140F8216008F10108B04533
:1040C000F3D3064850F824006843C8E76D1E002D5E
:1040D000DADA4FF0FF30C2E7D00100247CAA0108F1
:1040E00064AA010810B501460023002207E00B482E
:1040F00050F8210050F8220000B15B1C521C084807
:1041000050F821009042F2D84FF47A705843044C92
:1041100054F82140B0FBF4F080B210BDB801002487
:1041200064AA010830B5034601E003F8011B141E20
:10413000A2F10102F9D130BD70B505460C4604B9B3
:1041400070BD054850F82500261A31462846FFF76D
:1041500029FF00BFF4E70000A001002470B5044669
:104160000E4631462046FFF769FF0546681C08B930
:10417000002070BD024850F824002844F9E70000F0
:10418000A00100242DE9F04104460D464FF000083F
:10419000002600272A488079B4FBF0F086B2284830
:1041A0008079B5FBF0F087B23846314606EBD17224
:1041B0005210A6EB420207EBD0735B10A7EB430350
:1041C0009A4202D00120BDE8F08100201D4908700C
:1041D0001D49087008700C70200A0870200C0870C7
:1041E000352018490870002000F0ACFC8046B8F17A
:1041F000000F01D00220E6E7012000F0A3FC80467A
:10420000B8F1000F01D00220DDE785200D490870CC
:1042100000200D49087008700D70280A0870280CDD
:104220000870102007490870C820F5F73BFD00F022
:104230006FFC402801D00120C5E70020C3E7000043
:104240004005002400000180000002802DE9FE4F9F
:104250008046894617461D460C9C00260020029089
:10426000019083460090824677488079B8FBF0F051
:1042700080B2019074488079B9FBF0F01FFA80FB9E
:104280005846019901EBD1725210A1EB42020BEB9F
:10429000D0735B10ABEB43039A4202D00120BDE820
:1042A000FE8F00206949087069490870087081F81C
:1042B00000804FEA182008704FEA18400870352037
:1042C00062490870002000F03DFC06460EB1022055
:1042D000E5E7012000F036FC06460EB10220DEE7DD
:1042E00085205A4908705A490F703812087081F8B1
:1042F00000904FEA192008704FEA194008701E20FC
:1043000000F0AAF8E11704EBD1514912A4EB4121C6
:1043100089B10020029009E015F8010B4FF000412F
:104320000870BDF80800401C80B20290BDF808007B
:10433000A042F1DB7AE02046E11704EBD151C1F352
:10434000472100913846F91707EBD151C1F3472AAD
:10435000002634E03F48006840F040003D49803985
:10436000C1F880000020029009E015F8010B4FF021
:1043700000410870BDF80800401C80B20290BDF8F2
:104380000800B0F5007FF0DB00BF3248001D006878
:1043900000F040000028F8D02E481430016806EBE9
:1043A0000A0229481C3040F822102A488038D0F8E8
:1043B000800020F0400027490860701CC6B20098B9
:1043C0008642C7DB20484088103000EB8A0080B26C
:1043D00002901E2000F040F885201C490870BDF8AE
:1043E00008001B490870BDF80800001208701E2064
:1043F00000F032F814481C3000EB8A0500200290CF
:104400000FE0002606E015F8010B4FF000410870A0
:10441000701CC6B2042EF6DBBDF80800401C80B24A
:104420000290BDF8081000988142EADB102007498D
:104430000870C820F5F736FC00F06AFB402801D070
:1044400001202CE700202AE740050024000001801D
:10445000000002808040005201B502E00098401E3A
:10446000009000980028F9D108BD00002DE9F74F11
:1044700082B00546164600200190002481460120A6
:10448000039900F055F807460020039900F050F812
:1044900082463146012000F04BF88046314600202C
:1044A00000F046F8834687EA0A0080EA080080EABE
:1044B0000B00019040F6FF710198884219D187EAFC
:1044C000080421460FA0ECF705F82046E11704EB9D
:1044D00051714FEAE109E11704EB5171C910A4EBE6
:1044E000C1020121914015F80920514005F8091039
:1044F00006E008A0EBF7EEFF012005B0BDE8F08F65
:104500000020FAE76572726F72706F733A25640D5E
:104510000A0000003262697420656363206572726C
:104520006F72206F72206D6F72650D0A00000000BF
:1045300030B502460B460020002113E00C4601EB8B
:10454000D4756D10A1EB4505954209D123FA01F40C
:1045500004F0010424B14D100124AC400444A0B285
:104560004C1CE1B21829E9DB30BD000010B504464F
:10457000114800691149884201D1E40105E00E4863
:1045800000690F49884200D1A40160200D490870DC
:104590000D490C70200A0870200C0870D0200949C1
:1045A00008700420F5F774FB00F0B2FA402801D03F
:1045B000012010BD0020FCE74005002489260048AA
:1045C000569590DC000001800000028000B589B0A3
:1045D0002F48304908604FF48070486000212D4812
:1045E0008160C16001614FF4003141610821816146
:1045F000C161042005900620069002200790032048
:1046000008900420019006200290022003900320CD
:10461000049001AA05A91F48EDF7CEFC00F06AFA44
:104620006420F5F735FB00F05DF81B4908610420B4
:1046300000F038F818480069184988420FD14FF443
:104640008750154908804FF480504880E0208880CA
:1046500080208871000108814000488116E00E48E2
:1046600000690F4988420ED14FF404600A4908805E
:104670004FF40060488040208880887140010881A4
:104680004000488102E0012009B000BD0020FBE7A6
:10469000804000520005002440050024892600487F
:1046A000569590DC10B50446EF200C4908700120A7
:1046B0000B4908701E20FFF7CFFE4FF0004004703A
:1046C00000204FF0004108700870087000F020FAD8
:1046D000402801D1002010BD0120FCE7000001802E
:1046E000000002801CB590201C49087000201C4965
:1046F00008701920FFF7B0FE4FF0004000788DF8E9
:1047000000004FF0004000788DF801004FF00040AD
:1047100000788DF802004FF0004000788DF803001B
:104720004FF0004000788DF804009DF8010000066D
:104730009DF8021040EA01409DF8031040EA012074
:104740009DF8041040EA010400F0E2F9402801D18C
:1047500020461CBD4FF0FF30FBE700000000018049
:10476000000002802DE9FC5F81460F4616461D467B
:104770000020019080468246002400908A490870FB
:104780008A490F703812087081F800904FEA19209A
:1047900008704FEA194008703020834908700020E3
:1047A00000F0D0F98046B8F1000F02D00220BDE839
:1047B000FC9F012000F0C6F98046B8F1000F01D03F
:1047C0000220F4E7E91705EBD1514912A5EB41218D
:1047D00089B10020019009E04FF00040007806F810
:1047E000010BBDF80400401C80B20190BDF804002C
:1047F000A842F1DBCFE02846E91705EBD151C1F320
:10480000472A3846F91707EBD151C1F34724B3467D
:104810004FF0000835E06648006840F04000644909
:104820008039C1F880000020019009E04FF000407D
:10483000007806F8010BBDF80400401C80B201901E
:10484000BDF80400B0F5007FF0DB00BF5848001D44
:10485000006800F040000028F8D055481430016886
:1048600008EB0402534840F8221051488038D0F831
:10487000800020F040004E49086008F1010000F07F
:10488000FF08D045C7DB4B481C384088103000EB90
:10489000840080B201902320FFF7DEFD052042490D
:1048A0000870BDF8040041490870BDF8040000120A
:1048B0000870E0203C4908701920FFF7CDFD3D4805
:1048C000203000EB84060020019009E04FF000400A
:1048D000007806F8010BBDF80400401C80B201907E
:1048E0004FEA8A00BDF804108842EFDC00200190F6
:1048F0004DE0BDF8040001192E48203050F8211079
:10490000BDF8040002192B4850F82200814239D02A
:10491000BDF8040003192748203050F82320BDF8C3
:1049200004000319234850F8231023A0EBF7D2FD0D
:104930002246514626A0EBF7CDFD3A4649462AA02D
:10494000EBF7C8FDBDF8043003EB040C194B53F82A
:104950002C20BDF8043003EB040C164B203353F825
:104960002C10BDF804304FF4007C0CFB03B0FFF7B3
:104970007DFD8046B8F1000F02D00420009001E0D8
:1049800003200090BDF80400401C80B20190BDF8E7
:1049900004005045ADDB00F0BBF8402801D00120F9
:1049A0000090009803E700000000018000000280F2
:1049B000804000525C0500246572722068642C728D
:1049C000643A307825782C307825780D0A0000007C
:1049D0006563636E756D2C65636373746172743A9D
:1049E00025642C25640D0A00506167654E756D2C99
:1049F000436F6C4E756D3A25642C25640D0A0000DA
:104A00002DE9F04704460D4617469846DDF820A0EC
:104A10000026B14600201C4908701C490D70281260
:104A200008700C70200A0870200C0870302016499D
:104A30000870002000F086F88146B9F1000F02D01E
:104A40000220BDE8F087012000F07CF88146B9F132
:104A5000000F01D00220F4E7002607E04FF00040ED
:104A60000068B84200D003E0701C86B24645F5DB12
:104A700000BFAAF8006000F04BF8402801D00120E8
:104A8000DFE70020DDE70000000001800000028079
:104A90002DE9F04707460C4690461D464FF00009A9
:104AA00000260A480079001BC6B2B54200DD354633
:104AB00006484088204481B22B4642463846FFF7DC
:104AC00051FE81464846BDE8F087000040050024BD
:104AD00008B5002000907020054908701920FFF7E4
:104AE000BBFC4FF00040007800909DF8000008BD2E
:104AF0000000018000B5FF200449087000F008F8AC
:104B0000402801D1002000BD0120FCE70000018009
:104B100008B500220020009010E0FFF7D9FF024600
:104B200002F0400000B10AE00098401C00906FF0D5
:104B300060410098884201D3022008BDEDE700BF24
:104B40004020FAE701B582B000200190009018E003
:104B50000198401C019040210D48ECF751FF9DF851
:104B60000810884205D19DF80000401CC0B200909A
:104B700001E0002000909DF80000022801DD0020E7
:104B80000EBD6FF07E4101988842E1D30120F7E726
:104B9000000C02582DE9F04104460D4616461F460A
:104BA0004FF0000880201449087014490D70281235
:104BB00008700C70200A0870200C08701E20FFF787
:104BC0004BFC00BF06E04FF00040066008F101001A
:104BD0001FFA80F8B845F6DB102007490870C82096
:104BE000F5F760F8FFF794FF402802D00120BDE8F8
:104BF000F0810020FBE7000000000180000002803F
:104C00002DE9F84F80460E4615461C4600200090C0
:104C100000278246814680205749087057490E7008
:104C20003012087081F800804FEA182008704FEAAF
:104C3000184008701E20FFF70FFCE11704EBD1515C
:104C40004912A4EB412189B10020009009E015F838
:104C5000010B4FF000410870BDF80000401C80B20D
:104C60000090BDF80000A042F1DB76E02046E1179D
:104C700004EBD151C1F3472A3046F11706EBD1516D
:104C8000C1F34729002733E03D48006840F0400069
:104C90003B498039C1F880000020009009E015F8F8
:104CA000010B4FF000410870BDF80000401C80B2BD
:104CB0000090BDF80000B0F5007FF0DB00BF304889
:104CC000001D006800F040000028F8D02C48143087
:104CD000016807EB09022B4840F822102848803869
:104CE000D0F8800020F0400025490860781CC7B249
:104CF0005745C9DB23481C384088103000EB890039
:104D000080B200901E20FFF7A7FB85201A4908708B
:104D1000BDF8000019490870BDF8000000120870C5
:104D20001E20FFF799FB174800EB89050020009033
:104D30000FE0002706E015F8010B4FF00041087066
:104D4000781CC7B2042FF6DBBDF80000401C80B20F
:104D50000090BDF800005045EBDB102006490870BC
:104D6000C820F4F79FFFFFF7D3FE402802D00120B0
:104D7000BDE8F88F0020FBE7000001800000028002
:104D8000804000525C0500242DE9F04707460C46A0
:104D900090461D464FF0000900260A480079001B86
:104DA000C6B2B54200DD354606484088204481B28F
:104DB0002B4642463846FFF723FF81464846BDE86A
:104DC000F08700004005002410B50446240300F0DD
:104DD00033F900F0CBF800233F222146202000F0D9
:104DE000F5FC00F0C3F810BD08B500F0B3FC00F00E
:104DF00051F800F033F800F06BF8174908800846C6
:104E000000884EF61871884205D01348008846F68F
:104E1000180188421ED1032000F07AF800909DF816
:104E2000000000F0010038B900F006F90023032269
:104E30001946B72000F0CAFC00F0FEF80023C32298
:104E40001946C02000F0C2FC3020009001216846C5
:104E500000F03CFD08BD00003C00002410B502201D
:104E600000F056F8044604F0020038B900F0E4F807
:104E700044F002042146022000F028F90023012218
:104E80001946382000F0A2FC01200149087010BD2D
:104E90003E00002410B5002303221946FF2000F035
:104EA00095FC00200149087010BD00003E00002460
:104EB00070B505460E4614460823FF2231460B20E6
:104EC00000F084FC2146284600F06CFC70BD000018
:104ED00038B50E48007830B10023EF2219469020F3
:104EE00000F074FC05E0002365221946902000F0D4
:104EF0006DFC0221684600F055FC9DF801009DF80C
:104F0000001040EA0124204638BD00003E00002485
:104F100038B50446002000900025012C04D0022C56
:104F200004D0032C06D103E0052505E0352503E078
:104F3000152501E0052500BF00BF0B48007830B102
:104F40000023C3221946284600F040FC05E0002358
:104F500041221946284600F039FC0121684600F03C
:104F600021FC9DF8000038BD3E00002410B500BFB4
:104F70000120FFF7CDFF00F001000028F8D110BD9F
:104F80002DE9F05F81460F461646DFF8A8B04FEADC
:104F90001738C7F30B0ACAF58054A64200DC344622
:104FA00044E04FEA08314FF480525846FFF780FF43
:104FB000002508E00AEB05001BF80000FF2800D0E0
:104FC00003E0681C85B2A542F4DB00BFA54216DAF7
:104FD0004046FFF7F9FE002507E019F8050005EB4C
:104FE0000A010BF80100681C85B2A542F5DB4FEA07
:104FF00008314FF48052584600F032F804E022465F
:105000003946484600F02CF8A64200D10FE008F1DE
:1050100001084FF0000AA1442744301B86B2B6F5C0
:10502000805F02DD4FF4805400E03446B9E700BFF2
:10503000BDE8F09F3C08002410B50848007830B166
:10504000002303221946062000F0C0FB05E00023E0
:1050500001221946062000F0B9FB10BD3E000024D5
:105060002DE9F04107460E461446F0B2C0F58075B2
:10507000AC4200DC254612E02A463146384600F0B4
:1050800012F8AC4200D10BE02F442E44601B84B2D6
:10509000B4F5807F02DD4FF4807500E02546EBE734
:1050A00000BFBDE8F08170B505460E461446FFF717
:1050B000C3FF0023FF223146022000F087FB214678
:1050C000284600F003FCFFF751FF70BD73B504469E
:1050D0000025012C04D0022C04D0032C06D103E0BF
:1050E000012505E0312503E0112501E0012500BF80
:1050F00000BF0A48007830B10023C3221946284671
:1051000000F064FB05E0002341221946284600F028
:105110005DFB012101A800F0D9FB7CBD3E0000240D
:10512000F0B595B0064600274FF490710020FFF7C8
:1051300015F8044631466846F5F755FF0546BDB9F2
:10514000B4B113E021466846F6F7BDF805460DB93F
:10515000A07E00B90BE004F11A00F5F7C5FA054688
:1051600005F0F000502801D1781C87B2EAE700BFB3
:1051700021460020FEF7E0FF384615B0F0BD0000E4
:105180002DE9F04780460C4604F11A00FDF7FCF9C2
:1051900010B10020BDE8F087207820F04000401ECC
:1051A00000EB800101EBC0054FF00109002619E07A
:1051B0001549895D0819FDF7E7F90746B9F1000FB0
:1051C00009D0FF2D01D90020E4E7B94628466D1C1F
:1051D00028F8107005E04FF6FF70874201D00020DC
:1051E000D8E7761C0D2EE3D3207800F0400048B1BC
:1051F000B9F1000F06D0FF2D01D90020CAE7002029
:1052000028F815000120C5E7ACAA0108354890ED43
:10521000051AF8EE411A90ED011AB8EE411A81EE26
:10522000812AF0EE420A90ED041AF8EE411A90ED50
:10523000021AB8EE411A81EE812AB0EE420AF4EE6B
:10524000C00AF1EE10FA01D2B0EE600AB7EE001A11
:10525000B4EEC10AF1EE10FA03DDB7EE001AB0EEBB
:10526000410A204890ED051AB8EE411AD0ED011A16
:10527000F8EE611A00EE611AB0EE002AC1EE021AD1
:1052800090ED061AB8EE411A31EE811ABCEEC11A41
:1052900080ED061A90ED041AB8EE411AD0ED021A0C
:1052A000F8EE611A00EE611AB0EE002AC1EE021AA1
:1052B00090ED071AB8EE411A31EE811ABCEEC11A10
:1052C00080ED071A9FED081A20EE011AB0EE410A90
:1052D000BCEEC01A80ED031A4FF6FF700149086258
:1052E00048627047C48A0724000000462DE9F84F41
:1052F00083460F4690461D46DDE90A6A78194549FE
:105300000988884202DD2920BDE8F88F08EB0600F5
:1053100040494988884201DD2920F5E705B10EB9E9
:105320002920F1E73B4806614561006910B1394821
:10533000406940B938484088364908613648008895
:1053400048610020E0E73548006908B94FF0000ADD
:105350003048C0F81C8087615846F5F7C5F981468A
:10536000B9F1500F09D0B9F1510F0BD0B9F1520F6B
:1053700009D0B9F1530F48D13EE0584600F014FD72
:10538000044644E000BFBAF1000F2FD0214A083292
:10539000111F5846F9F736FC044604BB1D48406807
:1053A0001D49098888421BD81A4880681A494988CB
:1053B000884215D8174840681649496988420FD86D
:1053C0001448806813490969884209D8114800794E
:1053D00000F00F0020B95846F8F794F904460AE0A7
:1053E00051465846F9F78CFB044604E051465846AE
:1053F000F9F786FB04460AE02B46424639465846F2
:105400000096F7F745FB044601E0272400BF00BFE4
:10541000204679E7C48A07248C030024EC8A0724F9
:105420002DE9F84F0746884615469946DDF828A02D
:105430001B48006828B31B48807910BB00241DE07E
:10544000002617E004FB05603AF8101014480268C3
:105450004068C01B801B401E02FB00802044104A95
:10546000D26950430E4A127D0F4B53F8222011523D
:10547000701C86B2AE42E5DB601C84B24C45DFDBBB
:105480000CE008EB0900401E83B27819401E82B27E
:1054900041463846CDF800A0F9F78AFCBDE8F88F00
:1054A000E00400248C030024300000240E480F493F
:1054B00008600F4848600F4888600F48C8600F4870
:1054C00008610F4800880F4908800D4840884880CF
:1054D000002048608860C860086148618861C861D0
:1054E0000862486270470000851E0108EC8A0724A4
:1054F000F5EF000861180108BDEF0008215401080C
:105500008C030024C48A072403460848006A984292
:1055100003D10648406A884206D0012A02D10348D6
:1055200003624162012070470020FCE7C48A07241F
:1055300010B5044621460020FEF7FEFD10BD10B553
:10554000044621460020FEF709FE10BD2DE9F04774
:1055500004460D4616464FF00209022D77D3E06946
:10556000A84274D92078012806D002284BD00328FD
:1055700061D004280DD15FE02F4607EB5707A06AE2
:1055800000EB57212046FEF767FC8146B9F1000F7A
:1055900000D079E038467F1CC0F3080104F13C00DC
:1055A00001EB000805F0010028B1F1B298F8000005
:1055B00061F31F1000E0304688F800000120E07021
:1055C000A06A00EB57212046FEF746FC8146B9F160
:1055D000000F00D058E0C7F3080104F13C0001EBD4
:1055E000000805F0010010B1C6F3071006E098F8B6
:1055F000000000F0F000C6F30321084388F8000023
:105600000120E07040E0A06A00EB15212046FEF783
:1056100023FC8146B9F1000F00D035E0B1B240F271
:10562000FF1202EA450304F13C02981800F0B6FBB1
:105630000120E07028E000BFA06A00EBD5112046F1
:10564000FEF70AFC8146B9F1000F01D01CE01CE016
:10565000207804280BD040F2FF1101EA850204F102
:105660003C015018FCF753FF66F31B00064640F25E
:10567000FF1101EA850204F13C015018314600F0A7
:1056800053FB0120E07000BF00BF4846BDE8F08733
:105690002DE9F04707460C461546984684F80D80DC
:1056A0000F20E07200202073002104F11A0000F0A6
:1056B00075FB681E00EB800101EBC0090020064667
:1056C000824600BF4FF6FF70864204D0484609F17B
:1056D000010937F810600D4911F80A100819314610
:1056E00000F05CFB0EB94FF6FF760AF1010082462E
:1056F0000D28E7D34FF6FF70864202D037F8190025
:1057000008B945F040052570BDE8F087ACAA01084E
:105710002DE9F04107460C4616464FF46A713846AB
:10572000F6F772F80546FF2D0BDD022E02D200209F
:10573000BDE8F081281204F8010B04F8015B022097
:10574000F6E705B10EB90020F2E704F8015B01208D
:10575000EEE7000010B511481149086001204860CB
:1057600004210F4881601021C160480590FAA0F023
:10577000B0FA80F0401E0A4908614FF400710848F1
:105780004161012181610021C1610162ECF778FD75
:1057900008B9002010BD0120FCE7000000500052B5
:1057A0003C18002470B504460D46681E0649096879
:1057B000086141F2883221460348ECF769FE08B9D6
:1057C000002070BD0120FCE73C180024F0B58FB02C
:1057D00007460D4614461E4601970295069604F0AC
:1057E000030010B90020079013E004F00300012823
:1057F00002D1000207900CE004F00300022802D15D
:105800000002079005E004F00300032801D1000224
:105810000790C4F3810010B90020089013E0C4F38E
:105820008100012802D1800208900CE0C4F38100BD
:10583000022802D18002089005E0C4F38100032809
:1058400001D180020890C4F3011010B90020049027
:1058500013E0C4F30110012802D1000304900CE00E
:10586000C4F30110022802D10003049005E0C4F340
:105870000110032801D100030490A00910B90020F1
:105880000A9013E00120B0EB941F02D100060A90A9
:105890000CE00220B0EB941F02D100060A9005E054
:1058A0000320B0EB941F01D100060A9000200E9057
:1058B00009900C900D9041F2883201A90248ECF752
:1058C0008DFC0FB0F0BD00003C18002470B50446FC
:1058D0000D46681E06490968086141F28832214672
:1058E0000348ECF749FE08B9002070BD0120FCE731
:1058F0003C1800240146086870472DE9F05F064611
:105900000F4690464FF000093568BA46BB46022F55
:1059100002D3E869B84202D80220BDE8F09FB8F18E
:10592000000F11D02878042802D1F07902280BD07A
:105930004FF0FF3241462846FFF708FE8146B9F195
:10594000000F01D04846E8E700BF39463046F6F779
:105950003DFD044604B93EE0012C01D10220DCE704
:10596000601C08B90120D8E7287804280AD0002252
:1059700039462846FFF7EAFD8146B9F1000F01D00C
:105980004846CAE7D5E90610801E814206D2A869BA
:10599000401CA861287940F0010028710BF101003A
:1059A000A04201D1A34612E0287804280DD1ABEB28
:1059B0000A00421C002351462846F3F715FC814695
:1059C000B9F1000F01D04846A7E7A346A2462746F3
:1059D000E869B842B9D800BF2878042830D1B8F1B6
:1059E000000F02D10020F0712AE0F079D8B9B76831
:1059F00011E039463046F6F7E9FC0446022C01D2A4
:105A000002208AE7601C08B9012086E7781C8442DE
:105A100000D002E07F1C4745EBD100BF47450FD1C6
:105A20000220F0710CE0F079032809D1B0684045FC
:105A300006D8B169B0680844404501D30220F0712E
:105A400000206AE72DE9F047044689466668276822
:105A500094F8640038B194F8640040F47F45002065
:105A600084F864001DE00025A84615E067B9A66823
:105A70004FF4806231462046D4F88C309847074670
:105A800017B90220BDE8F08716F8011B41EA05208E
:105A900085B27F1E08F10108B8F1020FE6D36660F7
:105AA00027604FF6D87028404FF6D071884203D156
:105AB0006807B0EB497F01D00620E3E700202073A0
:105AC0000021A182E182218300BFDBE710B50D48F0
:105AD0000D4908600020486000210B4881604FF4A8
:105AE0008041C1600021016104214161EFF78AFC1E
:105AF00004460CB1012010BD04490348EFF7E8FB50
:105B00000020F8E7007000529C05002418060024CD
:105B10002DE9F84605460C4616464FF00009DFF819
:105B20003CA0274600F004FC504633463A4629463E
:105B300000900B48EFF7D6FD814606E0BAF1000071
:105B4000AAF1010A01D14FF00109F6F76FFE002812
:105B5000F4D100F0EFFB4846BDE8F88600E1F5051A
:105B60009C0500242DE9F84605460C4616464FF0E4
:105B70000009DFF83CA0274600F0DAFB5046334628
:105B80003A46294600900B48EFF7C8FE814606E0EA
:105B9000BAF10000AAF1010A01D14FF00109F6F7AC
:105BA00045FE0028F4D100F0C5FB4846BDE8F88664
:105BB00000E1F5059C05002400B587B01848194997
:105BC0000860002048600121164881600821C160FA
:105BD0001021016140214161890081610021C16181
:105BE0004FF4006101624900416249008162022074
:105BF000009008200190072002900390022004905A
:105C00000590069069460748EFF7C6F800F00CF8D3
:105C100040F247310348EFF775F907B000BD0000C7
:105C2000404100529C03002410B5002400230122AF
:105C30001146184600F01AF84FF4FA70F4F732F8EB
:105C4000002301220221184600F010F80023082248
:105C50000321184600F00AF84FF408742346012285
:105C60000421002000F002F810BD00002DE9FF41E2
:105C700004460D4616461F464FF0000814B94FF073
:105C8000100803E0012C01D14FF008080095CDF871
:105C90000480029603974FF4805269460448EFF758
:105CA0004CF918B9002004B0BDE8F0810120FAE7F2
:105CB0009C03002430B593B005462846F7F736F923
:105CC00004460CB913B030BD224609A103A8EAF777
:105CD0000DFC01210A484088CDE9000108480388ED
:105CE0000022114603A8FFF701FB00BFEAE700000E
:105CF000313A2F504943545552452F257300000027
:105D00008C03002470B506460C461546A9B204F172
:105D10001A0000F043F83078032804D1290C04F16C
:105D2000140000F03BF870BD00F8011B090A00F8F0
:105D3000011B090A00F8011B090A00F8011B704742
:105D400030B500F8012B110A41EA03621B0A00F882
:105D5000012B110A41EA03621B0A00F8012B110A08
:105D600041EA03621B0A00F8012B110A41EA0362AF
:105D70001B0A00F8012B110A41EA03621B0A00F812
:105D8000012B110A41EA03621B0A00F8012B110AD8
:105D900041EA03621B0A00F8012B30BD00F8011B29
:105DA000091200F8011B70472DE9F14F8CB000205B
:105DB00008900790069001200590C00203900020F3
:105DC00002900398FFF7BBFB06461EB911200DB0E9
:105DD000BDE8F08F4FF41670FFF7B1FB0B900B98F6
:105DE00020B93046FFF7A4FB1120F0E70122DDE9DE
:105DF0000B01F4F76FFF04900498002874D10AABEC
:105E00003146039A0B98F5F74AF9B2465646BAF866
:105E10000A0084B2BAF81C00C11700EB5171C1F33B
:105E2000C7089AF81E000290DAF8160093498860B5
:105E3000DAF812004860FFF7E9F99048007900FBB2
:105E400008F000F0030060B18C48406800FB08F0E7
:105E5000012101EB90004FF6FF7101EA80000190F3
:105E600005E08648808800FB08F080B2019000279A
:105E700000200990814800891FFA80FBB9467F48BD
:105E8000C06800FB0BF0C0F34F3006903546E8E0E9
:105E9000CBE0B8F1030F1DD1B9F1000F06D0B9F175
:105EA000010F06D0B9F1020F13D10AE0285DC71027
:105EB0000FE0285D4FF4FC6101EAC000384487B26E
:105EC00007E0285D4FF4784101EA0020384487B2AA
:105ED00000BF4AE0B8F1020F21D1B9F1000F04D0A0
:105EE000B9F1010F1AD10DE0C0E0029840B9285D68
:105EF00000F01F07285D00F0E00007EB400700E01E
:105F00002F5D0BE0029820B9285D07EB402087B297
:105F100003E0285D07EB002087B200BF25E0B8F161
:105F2000040F21D1B9F1000F09D0B9F1010F09D047
:105F3000B9F1020F0ED0B9F1030F14D112E0285DB0
:105F4000C71010E0285D4FF4FC6101EAC00038443E
:105F500087B208E0285D4FF4784101EA0020384418
:105F600087B200E000BF00E000BF09F1010000F0CF
:105F7000FF09601C84B2C1452AD140484168099894
:105F800081421FD93D48C06809994843C0F34F304A
:105F900007900122DDE90610FFF7B6FA90B10598E7
:105FA00080B1364AB2F81CC0069A6244521E91B2C1
:105FB000324AB2F818C0079A624490B2304A536825
:105FC0003A4698470998401C80B209900027B94684
:105FD0000898401C80B2089001990898884224DBF8
:105FE000ABF101001FFA80FBBBF1000F00D120E0F4
:105FF0002248C06800FB0BF0C0F34F30069000222F
:10600000DDE90610FFF780FA10B10120059001E0EC
:10601000002005901948C1690698084400B908E0B5
:106020000020099008900027814603988442FFF6DB
:1060300030AF00BF0AAB3146039A0B98F5F72FF843
:106040000490BDF828100398814202D0BDF82800C2
:106050000390049810B9BDF8280000B902E0354655
:10606000002415E700BF0B98F4F7C0FB3046FFF79C
:106070005FFA0B98FFF75CFA0498A8E6C48A072435
:10608000EC8A07242DE9F04104462068056928467A
:1060900001F078FC80464146A81CFFF77FFE687837
:1060A000471C2046E16CF4F79AF9064618E0A16B0C
:1060B0002068FDF7D1FE064606B113E020222946EE
:1060C000E06BEAF7FDFB01202168C870781E071E0F
:1060D00000D107E0203500212046F3F77AFF06467D
:1060E000002EE4D000BF0EB1012E02D13046BDE833
:1060F000F0810220FBE730B5014600200B2200BFF3
:10610000431003EBC01411F8015B6319D8B2531E9E
:106110001A1EF5D130BD000070B50446204600F0CF
:1061200041F80546002D37D1207803282DD120795C
:1061300001282AD1410204F13C00EAF762FC4AF648
:10614000552104F23A20FFF729FE144904F13C00DE
:10615000FFF7EAFD124904F50870FFF7E5FD04F5C5
:106160000970A169FFF7E0FD04F50A706169FFF7A6
:10617000DBFD606A401CA0636078012304F13C01F0
:10618000A26BF4F75AFA00202071607800221146C1
:10619000F4F796F900B10125284670BD52526141CD
:1061A0007272416170B504460025E078E8B160780C
:1061B000012304F13C01A26BF4F73FFAA0B90020DF
:1061C000E070A16AA06B401A216A88420DD2A078C3
:1061D00002280AD1236AA16BCA186078012304F14E
:1061E0003C01F4F72AFA00E00125284670BD0000C2
:1061F00010B500BF4C48006800F4003000B139E031
:1062000000BF00BF00BFBFF34F8F00BF00BF00BF84
:1062100000BF00BF00BFBFF36F8F00BF00BF00BF54
:1062200000204249086000BF00BF00BFBFF34F8F8E
:1062300000BF00BF00BF00BF00BF00BFBFF36F8F34
:1062400000BF00BF00BF3848006840F40030364946
:10625000086000BF00BF00BFBFF34F8F00BF00BF8B
:1062600000BF00BF00BF00BFBFF36F8F00BF00BF04
:1062700000BF00BF00BF2C4B1B6803F4803303B189
:1062800048E00023284C7034236000BF00BF00BFEB
:10629000BFF34F8F00BF00BF00BF231F1868C0F3BC
:1062A0004E3100BFC0F3C90200BF43F6E07303EAFA
:1062B00041134FF0404404EA827423431B4C1034D2
:1062C000236000BF00BF131EA2F10102EDD10B1E1F
:1062D000A1F10101E6D100BF00BF00BFBFF34F8FA6
:1062E00000BF00BF00BF104B1B6843F480330E4C4F
:1062F000236000BF00BF00BFBFF34F8F00BF00BFD0
:1063000000BF00BF00BF00BFBFF36F8F00BF00BF63
:1063100000BF00BF05484C30006840F0040003494E
:106320004C31086010BD000014ED00E050EF00E0BB
:1063300072B6704762B670472DE9F0419CB0804656
:106340000C4615461E4600274048006820F0040011
:106350003E49086000BF002000903D48006820F0E2
:1063600001003B4908600846006800F00100009009
:1063700036480C30006840F4404034490C31086025
:106380000846006800F44040009000BF00BF00BF16
:106390002E480C30006800F40050B0F5005FF7D1D3
:1063A000212001904FF4803002900020049008904A
:1063B0000120079002200A9002210B91CDF8348031
:1063C0000C940E950F960021129108211191002135
:1063D000139101A8EEF7E0F807461FB101201CB0A9
:1063E000BDE8F0813F201490032015900020169006
:1063F000082017904020199000011A904020189012
:106400001B90022114A8EDF7D7FD07460FB101201C
:10641000E5E7EBF7D9FE0F48006840F080000D4932
:10642000086000BF0B48F430006840F002000949E2
:10643000F43108600846006800F00200009000BFD8
:1064400000BFEBF7D5F90020C9E700000C4802585F
:106450002C040058004402582DE9F04106463568E6
:1064600015F8014B2046F3F7CFFB60B115F8017B1F
:106470003846F3F7E3FB18B94FF0FF30BDE8F08181
:1064800007EB042084B24CB14FF46A712046F5F753
:1064900077F9044614B94FF0FF30EFE7A0463560B6
:1064A0004046EBE72DE9F84F83468A4614462046DE
:1064B000E21704EB5272D2102146E31704EB537338
:1064C000DB10A4EBC3030BB1012300E000231A444B
:1064D000624302F0FF089BF800900BF10100834635
:1064E0000778B9F1810F06DB402F04DBFF2F02D0C4
:1064F000B9F1FF0F0ED10020009006E000200AF84D
:10650000010B0098401CC0B2009000984045F5DB9C
:10651000BDE8F88F7F2F03DAA7F14000C7B202E091
:10652000A7F14100C7B2A9F1810000F0FF09BE2028
:10653000A0FB0901C019A0FB08500C2C06D0102CA0
:106540000DD0182C14D0202C24D11AE01348D0F8E8
:106550000900411942465046FEF7AAFC1AE00F48CE
:10656000D0F81100411942465046FEF7A1FC11E057
:106570000A48D0F81900411942465046FEF798FCE7
:1065800008E00648D0F82100411942465046FEF77F
:106590008FFC00BF00BF00BFBAE70000988A072445
:1065A0002DE9FF4F81B080460E461C46B24620467C
:1065B000E21704EB5272D2102146E31704EB537337
:1065C000DB10A4EBC3030BB1012300E000231A444A
:1065D000624302F0FF0B0C2C08D0102C06D0182CB4
:1065E00004D0202C02D005B0BDE8F08F2146002059
:1065F000FDF7B4FD054605B9F5E72246294603989F
:10660000FFF750FF002730E0E85D00904FF00009F1
:1066100025E0009800F0800028B1314640460F9AEE
:10662000F8F7E8FC07E00E9828B9144831460268EC
:106630004046F8F7DFFC00984006000E0090701C02
:1066400086B2A6EB0A00A04205D1564608F1010029
:106650001FFA80F806E009F1010000F0FF09B9F126
:10666000080FD6DB00BF781CC7B25F45CCDB2946DC
:106670000020FDF761FD00BFB5E700002C000024FD
:106680002DE9FF5F07460E4691469A46DDE90F4B1E
:10669000B8460396002002900E9D4EE0029878BB0B
:1066A0002878802802DD0120029046E004EBD471B6
:1066B00008EB0902A2EB6101B94202DA301986B295
:1066C000474603985044001BB04200DA38E028786F
:1066D0000D2804D1301986B247466D1C08E0119888
:1066E000CDE900B02A78234631463846FBF7D4FD81
:1066F0006D1C204604EBD07107EB61018FB21CE0EA
:10670000FFE70020029008EB0900001BB84202DA04
:10671000301986B2474603985044001BB04200DA55
:106720000EE0119823462A463146CDE900B038469E
:10673000FFF736FFAD1C381987B228780028ADD195
:1067400000BFBDE8FF9F000010B5044609480A4994
:1067500008600846446000218160C1600161816178
:106760000C214161EFF75EFD012204490248EFF779
:10677000F5FD10BD00100140B002002416000024F9
:1067800030B595B0054613AB12AA09A9284600F00A
:106790003FFA044614B1204615B030BD00201490D5
:1067A00026E0224909689DF8502001EBC20113AB95
:1067B00011AA486801A900F02BFA04460CB1204642
:1067C000EAE709A901A800F0AFFC60B99DF8440010
:1067D0009DF84810884201DD0220DDE79DF8500059
:1067E000124988750AE09DF85000401CC0B2149010
:1067F0000E48007D9DF850108842D2DC00BF0B4847
:10680000007D9DF85010884201D10420C4E714A9EE
:10681000284600F0DDFA04460CB12046BCE79DF89E
:106820005000024948750020B6E70000A40000248B
:106830002DE9F0419AB09C48847D007DA04202DCA5
:106840001AB0BDE8F0819849096801EBC40106ABB4
:1068500007AA486808A900F0DBF908A993A0E9F79E
:1068600039FE002644E09048008B0121B1400840E9
:10687000D8B122218FA0E9F72DFE304600F042FB6F
:1068800089492431471839468BA0E9F723FE222194
:1068900088A0E9F71FFE304600F034FB824924311E
:1068A000084410A941F8260018E0304600F02AFB01
:1068B0007D492431085810A941F826007A48C07D46
:1068C00030B910A850F826107CA0E9F703FE05E0C7
:1068D00010A850F826107AA0E9F7FCFD9DF81C00DE
:1068E000401EB04202D078A0E9F7F4FD701CC6B299
:1068F0009DF81C008642B6DB74A0E9F7EBFD01F0C1
:1069000007F86948407D0B280DD2DFE800F0060D3E
:10691000151E27323F4E5F7287006349096851F8A0
:1069200034008047054690E05F4A126852F8341000
:1069300010988847054688E05B4B1B6853F8342065
:10694000DDE91001904705467FE0574F3F6857F853
:10695000343010A807C89847054676E0DFF848C1EC
:10696000DCF800C05CF8347010A80FC8B8470546C2
:106970006BE01498DFF830C10090DCF800C05CF8E0
:10698000347010A80FC8B84705465EE0DDE9140171
:10699000DFF814C1CDE90001DCF800C05CF8347008
:1069A00010A80FC8B84705464FE0DDE91412169845
:1069B000DFF8F4C0CDE900120290DCF800C05CF80A
:1069C000347010A80FC8B84705463EE0DDE914232F
:1069D000DDE91610DFF8D0C0CDE90023CDE90210C3
:1069E000DCF800C05CF8347010A80FC8B847054642
:1069F0002BE0DDE91523DDE91710CDE90123CDE911
:106A000003101498DFF8A0C00090DCF800C05CF818
:106A1000347010A80FC8B847054616E0DDE9162304
:106A2000DDE91810CDE90223CDE90410DDE91401F8
:106A3000DFF874C0CDE90001DCF800C05CF8347008
:106A400010A80FC8B847054600BF00BF00F00EFFF2
:106A50009DF8180001280CD11348C07D20B92946A3
:106A60001BA0E9F737FD07E029461BA0E9F732FD37
:106A700002E018A0E9F72EFD0B4890F8EC0088B171
:106A80000948D0F8F0000A21B0FBF1F201FB12072F
:106A90000548D0F8F000B0FBF1F83A46414611A0A5
:106AA000E9F718FD00BFCBE6A40000240D0A25730A
:106AB000280000002563000025730000256C640099
:106AC00030582558000000002C000000290000006C
:106AD0003D256C753B0D0A003D305825583B0D0A8D
:106AE0000000000046756E6374696F6E2052756E0B
:106AF0002054696D653A25642E2531646D730D0A45
:106B000000000000F0B503461546002000220026D4
:106B100000245BE01F782C2F01D104B901221F78DB
:106B2000292F01D01F780FB904B950E0002E3AD1B7
:106B30001F78302F02DB1F78392F17DD1F782D2F9C
:106B400014D01F782B2F11D01F78612F02DB1F78F4
:106B5000662F0BDD1F78412F02DB1F78462F05DDE6
:106B60001F78582F02D01F78782F0CD102B12EE059
:106B70001F78612F03DB1F78203F0F7001E01F7823
:106B80000F70491C1FE01F78222F04D102B11EE0B4
:106B90000126012417E01F78202F14D01F782C2FF6
:106BA00011D0FF2613E01F78222F00D1002402B15C
:106BB0000DE044B11F785C2F02D15B1C471CF8B27A
:106BC0001F780F70491C471CF8B25B1CA2E700BF7E
:106BD00000270F702E70F0BD10B504460020107015
:106BE0000BE020780870641C491C1078401C107061
:106BF0001078984201DB012010BD2078202802D0B7
:106C000020780028EDD10020087000BFF4E70000D4
:106C10002DE9FF4F85B0804689460027002004906B
:106C20000390012002904FF0000B002544461DE028
:106C30002078202816D005F07F00052812DA0DB93B
:106C400045F0800505F07F00042803D120782A282C
:106C500000D00EE0207805F07F010DF80100681CDF
:106C6000C5B202E0852D00D103E0641C2078002825
:106C7000DED100BF8DB1002005F07F010DF80100CD
:106C800051A1684600F050FA18B900210898017027
:106C900002E001210898017000254FF0000A4446E7
:106CA00014E0641C0AF1010000F0FF0A207820289B
:106CB00002D020782A2809D1204600F0A7F90646FC
:106CC000282E03D02A2E01D0CDF810A02078282815
:106CD00002D020780028E4D14446049810B10498EA
:106CE000401C04444FF0000A002654E0207810B9FC
:106CF0004FF0010A50E02078282803D116B9781CFB
:106D0000C7B213E02078292808D13EB917B1781E00
:106D1000C7B201E04FF0010A47B93DE020782228D0
:106D200004D10EB9012000E00020064647B92078C2
:106D300020282FD0207889F8000009F1010929E0E6
:106D400020782C2804D101200290681CC5B214E0E0
:106D50002078202811D0207828280ED04DB9BBF1FA
:106D6000050F06DA20780DF80B000BF1010000F09A
:106D7000FF0B0298401CC0B20290012F0AD102986A
:106D8000022807D10298401CC0B202900398401C10
:106D9000C0B20390641CA9E700BF0398012809D181
:106DA00000200DF80B0008A1684600F0BDF908B9F5
:106DB00000200390079903980870002089F80000CC
:106DC000504609B0BDE8F08F766F6964000000009E
:106DD0002DE9F043B5B005460F460024002604E037
:106DE00000213D488155701CC6B20A2EF8DB06E032
:106DF0006D1C287818B9012035B0BDE8F0832878DB
:106E00002828F5D16D1C61E034AA69462846FFF7B1
:106E100079FE064635449DF8D00020B1012827D0E0
:106E2000FF284CD149E09DF8000000B333A9684623
:106E300000F0F7F806460EB10220DDE7204600F02C
:106E400061F825490A31339A0A50A1F12400008BD8
:106E50000121A140884320491A39088304211E4892
:106E60000155601CC4B20A2C01DD0320C4E726E0F2
:106E7000684600F075F9401C00F0FF08204600F05D
:106E800041F815490A3100EB01094946684600F00E
:106E90005CF911481A38018B0120A040014388B2E7
:106EA0000D491A3908830C4800F80480601CC4B2EC
:106EB0000A2C01DD03209FE701E002209CE700BFD0
:106EC0002878292801D0287800B900E09CE700BF85
:106ED0003C70002090E70000BE0000240020074A1C
:106EE000128802F400423AB1044A11780022044B9D
:106EF0005A541846014B1A807047000014000024B1
:106F0000E801002402460020002105E0044B5B5C00
:106F10000344D8B24B1CD9B29142F7DB7047000052
:106F2000BE00002410B5044604EBC40000EB0410BE
:106F30000122C2EB800081B24FF47A7000F0B8FCFD
:106F400001200149C87510BDA400002410B50246F7
:106F5000012000E050430B1EA1F10104E1B2F9D180
:106F600010BD000070B50026FFF7B8FF064606B951
:106F700070BD174881683046884704461CB91449DB
:106F8000C868804721E0304600F0F6F80546012D3C
:106F900000D02C46CCB1012C06D0022C08D0032CFA
:106FA0000AD0042C10D10BE00AA0E9F793FA0BE009
:106FB0000BA0E9F78FFA07E00CA0E9F78BFA03E0E2
:106FC0000DA0E9F787FA00BF00BF00BFD0E70000BF
:106FD000A4000024BAAFCAFDB4EDCEF3210D0A001F
:106FE000B2CECAFDB4EDCEF3210D0A00B2CECAFD79
:106FF000CCABB6E0210D0A00CEB4D5D2B5BDC6A546
:10700000C5E4B5C4BAAFCAFD210D0A000146491C4A
:1070100000E0491C0878202801D10029F9D108781E
:1070200070472DE9F04F05460F4600264FF00A093C
:10703000B3462C460020386034E02078392802DC42
:107040002078302811DA28782D2802D028782B28AB
:1070500000D156B12078462802DC2078412804DA95
:107060002078582817D1012E15D12078412801DB2E
:107070004FF0100928782D2803D14FF0020B6D1C1A
:107080000FE028782B2803D14FF0010B6D1C08E08E
:10709000701CC6B205E0207800B904E00120BDE80C
:1070A000F08F641CC9E700BF2C46B9F1100F0FD157
:1070B000032E01DA0220F2E72078302806D160782A
:1070C000582803D1A41CB01EC6B204E00320E6E792
:1070D0000EB90420E3E71BE00EB1701EC6B22078A3
:1070E000392806DC2078302803DB2078A0F1300A2C
:1070F00002E02078A0F1370A31464846FFF726FF24
:1071000039680AFB00103860641C207800B900E080
:10711000E2E700BFBBF1020F04D13868C0F10008FC
:10712000C7F800800020BAE702460AE010780B7822
:10713000984201D001207047107800B902E0521C3B
:10714000491CF3E700BF0020F5E706E002780A706B
:10715000027802B902E0401C491CF7E700BF704703
:107160000146002005E00A7802B903E0421CD0B2D3
:10717000491CF8E700BF704710B58CB004461E23C9
:107180000BAA03A92046FFF727FD0090009810B135
:1071900001200CB010BD9DF82C00044400200B9081
:1071A0000EE040489DF82C2050F8221003A8FFF76D
:1071B000BBFF00B908E09DF82C00401CC0B20B904A
:1071C0009DF82C000728ECD300BF9DF82C00072861
:1071D00063D2DFE800F004053C5E6564630000BF35
:1071E00031A0E9F777F931A0E9F774F93FA0E9F7A1
:1071F00071F94EA0E9F76EF95CA0E9F76BF96BA0A5
:10720000E9F768F979A0E9F765F987A0E9F762F984
:107210008CA0E9F75FF994A0E9F75CF998A0E9F789
:1072200059F99DA0E9F756F9A2A0E9F753F9A8A0EA
:10723000E9F750F9B4A0E9F74DF9C1A0E9F74AF927
:10724000CCA0E9F747F9D8A0E9F744F9A2E216A0E3
:10725000E9F740F9E4A0E9F73DF900200B900EE0D2
:10726000F14800689DF82C2000EBC2004168EFA0B7
:10727000E9F730F99DF82C00401CC0B20B90EA48A9
:10728000007D9DF82C108842EADC07A0E9F722F97E
:1072900080E205A0E9F71EF9CCE179E24DE221E2B6
:1072A000F4E10000500000240D0A00002D2D2D2DCA
:1072B0002D2D2D2D2D2D2D2D2D2D2D2D2D2D2D2DFE
:1072C0002D2D2D2D55534D4152542056332E352DF5
:1072D0002D2D2D2D2D2D2D2D2D2D2D2D2D2D2D2DDE
:1072E0002D2D2D2D2D2D2D200D0A000020202020AC
:1072F00055534D415254CAC7D3C9414C49454E54C8
:10730000454BBFAAB7A2B5C4D2BBB8F6C1E9C7C93D
:10731000B5C4B4AEBFDAB5F7CAD4BBA5BDBBD7E917
:10732000BCFE2CCDA8B9FD200D0A0000CBFC2CC45E
:10733000E3BFC9D2D4CDA8B9FDB4AEBFDAD6FACA7C
:10734000D6B5F7D3C3B3CCD0F2C0EFC3E6B5C4C84B
:10735000CEBACEBAAFCAFD2CB2A2D6B4D0D02ED2FD
:10736000F2B4CB2CC4E3BFC90D0A0000D2D4CBE6E3
:10737000D2E2B8FCB8C4BAAFCAFDB5C4CAE4C8EB1F
:10738000B2CECAFD28D6A7B3D6CAFDD7D62831308B
:107390002F3136BDF8D6C62CD6A7B3D6B8BACAFD9B
:1073A00029A1A2D7D6B7FBB4AE0D0A00A1A2BAAFED
:1073B000CAFDC8EBBFDAB5D8D6B7B5C8D7F7CEAADD
:1073C000B2CECAFD292CB5A5B8F6BAAFCAFDD7EE24
:1073D000B6E0D6A7B3D63130B8F6CAE4C8EBB2CE21
:1073E000CAFD2CB2A2D6A7B3D60D0A00BAAFCAFD09
:1073F000B7B5BBD8D6B5CFD4CABE2ED6A7B3D6B2F2
:10740000CECAFDCFD4CABEBDF8D6C6C9E8D6C3B968
:10741000A6C4DC2CD6A7B3D6BDF8D6C6D7AABBBBAC
:10742000B9A6C4DC2E0D0A00BCBCCAF5D6A7B3D6DB
:107430003A7777772E6F70656E6564762E636F6D21
:107440000D0A000055534D415254D3D037B8F6CFF2
:10745000B5CDB3C3FCC1EE28B1D8D0EBD0A1D0B428
:10746000293A0D0A000000003F3A20202020202069
:10747000BBF1C8A1B0EFD6FAD0C5CFA20D0A00006B
:1074800068656C703A202020BBF1C8A1B0EFD6FA35
:10749000D0C5CFA20D0A00006C6973743A20202079
:1074A000BFC9D3C3B5C4BAAFCAFDC1D0B1ED0D0ACF
:1074B0000A00000069643A2020202020BFC9D3C3FD
:1074C000BAAFCAFDB5C44944C1D0B1ED0D0A0A0036
:1074D0006865783A20202020B2CECAFD3136BDF84A
:1074E000D6C6CFD4CABE2CBAF3B8FABFD5B8F12BE2
:1074F000CAFDD7D6BCB4D6B4D0D0BDF8D6C6D7AAAC
:10750000BBBB0D0A0A0000006465633A20202020FE
:10751000B2CECAFD3130BDF8D6C6CFD4CABE2CBA61
:10752000F3B8FABFD5B8F12BCAFDD7D6BCB4D6B4E0
:10753000D0D0BDF8D6C6D7AABBBB0D0A0A00000042
:1075400072756E74696D653A312CBFAAC6F4BAAF14
:10755000CAFDD4CBD0D0BCC6CAB13B302CB9D8B14F
:10756000D5BAAFCAFDD4CBD0D0BCC6CAB13B0D0A88
:107570000A000000C7EBB0B4D5D5B3CCD0F2B1E06F
:10758000D0B4B8F1CABDCAE4C8EBBAAFCAFDC3FBF8
:10759000BCB0B2CECAFDB2A2D2D4BBD8B3B5BCFC8B
:1075A000BDE1CAF82E0D0A002D2D2D2D2D2D2D2DCE
:1075B0002D2D2D2D2D2D2D2D2D2D2D2D2D2D2D2DFB
:1075C0002D2DD5FDB5E3D4ADD7D32D2D2D2D2D2DBE
:1075D0002D2D2D2D2D2D2D2D2D2D2D2D2D2D2D2DDB
:1075E0002D2D2D200D0A00002D2D2D2D2D2D2D2D75
:1075F0002D2D2D2D2D2D2D2D2D2D2D2D2D2D2D2DBB
:107600002DBAAFCAFDC7E5B5A52D2D2D2D2D2D2DDC
:107610002D2D2D2D2D2D2D2D2D2D2D2D2D2D2D2D9A
:107620002D2D2D2D200D0A00A400002425730D0AF8
:107630000000000059A0E8F74DFF00200B901AE071
:10764000664909689DF82C2001EBC20101AB02AA32
:10765000486803A9FFF7DCFA604800689DF82C1021
:1076600050F8312003A95EA0E8F734FF9DF82C0004
:10767000401CC0B20B905948007D9DF82C108842E8
:10768000DEDCAFF2DC30E8F725FF83E0AFF2E83074
:10769000E8F720FF0BAA03A92046FFF733FA9DF86D
:1076A0002C00C8B9694603A8FFF7BBFC0B909DF8F6
:1076B0002C0020B94FA00099E8F70CFF0EE09DF8D0
:1076C0002C00042801D0022063E54DA0E8F702FF5A
:1076D00001204249C87501E002205AE547A0E8F7B9
:1076E000F9FE57E045A0E8F7F5FE0BAA03A92046EE
:1076F000FFF708FA9DF82C00C8B9694603A8FFF700
:1077000090FC0B909DF82C0020B942A00099E8F75E
:10771000E1FE0EE09DF82C00042801D0022038E59F
:107720003FA0E8F7D7FE00202C49C87501E00220F1
:107730002FE532A0E8F7CEFE2CE030A0E8F7CAFE35
:107740000BAA03A92046FFF7DDF99DF82C00C8B964
:10775000694603A8FFF765FC0B909DF82C0078B9EB
:107760001E49009881F8EC00084690F8EC0018B12A
:1077700030A0E8F7AFFE07E035A0E8F7ABFE03E086
:10778000022006E5022004E51CA0E8F7A3FE01E0C4
:107790000120FEE400BF0020FBE400002D2D2D2D74
:1077A0002D2D2D2D2D2D2D2D2D2D2D2D2D2D2D2D09
:1077B0002D2D2D2D2DBAAFCAFD204944202D2D2D64
:1077C0002D2D2D2D2D2D2D2D2D2D2D2D2D2D2D2DE9
:1077D0002D2D2D2D2D2D2D2D200D0A00A400002442
:1077E00025732069642069733A0D0A3058253038B2
:1077F000580D0A004845583A305825580D0A0000DF
:107800003136BDF8D6C6B2CECAFDCFD4CABE210D20
:107810000A0000004445433A256C750D0A0000003B
:107820003130BDF8D6C6B2CECAFDCFD4CABE210D06
:107830000A00000052756E2054696D652043616C2A
:1078400063756C6174696F6E204F4E0D0A00000005
:1078500052756E2054696D652043616C63756C616F
:1078600074696F6E204F46460D0A00000E4800688E
:10787000006900F0010040B10C48D0F8F0004FF66C
:10788000FF7108440949C1F8F0000848D0F8F00039
:1078900005490968496A08440449C1F8F0000846E6
:1078A000D0F8F0007047000088180024A4000024DD
:1078B00038B504460D4600BF00BF1248006840F0CE
:1078C0000400104908600846006800F004000090B9
:1078D00000BF00BF00BF0C480C4908600846456067
:1078E00000218160C4600161EEF7D8F90748EEF726
:1078F0000DFA032211461E20EAF714FC1E20EAF7B7
:10790000FDFB38BDE84402580008004088180024F8
:107910006FF0010009490968086100BF000C0749C0
:107920000968C86201460548C16000BF00200349DC
:10793000096848620249C1F8F000704788180024BD
:10794000A400002470B504460D4609268CB12068B9
:1079500078B12068007860B1A0882168C988884221
:1079600007D121684878F2F765FE00F0010000B900
:1079700000260EB9206800E000202860304670BD67
:107980000160704730B502465478641C63010024DE
:107990002046214610E0022901D1491C0BE000F0ED
:1079A000010414B14FF4004400E0002404EB60042F
:1079B000555C2C44A0B2491C9942ECD330BD70B543
:1079C000064600241BE02846F3F760FF85B204F06A
:1079D000010010B14FF4004000E0002000EB640013
:1079E000E9B2084484B204F0010010B14FF4004041
:1079F00000E0002000EB640000EB252084B236F8A4
:107A0000021B0D1EDFD1204670BD4FF04070E1EE2D
:107A1000100A70470100000094B40108050000003E
:107A200044B401080D00000098B3010802000000F2
:107A3000E8B3010803000000ACB401081000000026
:107A4000A8B301080800000050B401080A000000B3
:107A500038B40108130000007CB4010814000000D1
:107A600068B401080E00000004B401080C00000016
:107A7000A0B401080000000010B4010806000000D6
:107A8000F8B30108040000005CB401081200000013
:107A9000C8B30108110000001CB401080F00000069
:107AA00030B4010809000000B8B301080700000065
:107AB000D8B301080B00000088B4010800000000E2
:107AC0000102030401020304060708090100020081
:107AD0000400060008000A000C001000200040000E
:107AE0008000000100000000000000000000000015
:107AF000000000003F4000000000000000003000D7
:107B0000400030004000000009000BC03D000BC0E9
:107B10003D00090018C024407FE022403180000071
:107B2000180024C01B000D803240018003801C40DF
:107B300027401C800740004010006000000000004B
:107B4000000000000000000000001F8020404020D6
:107B50000000402020401F800000000009000600B7
:107B60001F80060009000000040004003F8004009C
:107B70000400000000100060000000000000000091
:107B800004000400040004000400000000000040A1
:107B90000000000000000000002001C006003800C6
:107BA000400000001F802040204020401F80000037
:107BB000000010403FC000400000000018C02140FD
:107BC00022402440184000001080204024402440DF
:107BD0001B80000002000D0011003FC001400000AA
:107BE0003C80244024402440238000001F80244007
:107BF00024403440038000003000200027C03800BB
:107C0000200000001B802440244024401B800000F2
:107C10001C0022C0224022401F8000000000000003
:107C200008400000000000000000000004600000A8
:107C300000000000000004000A0011002080404005
:107C40000900090009000900090000000000404087
:107C5000208011000A0004001800200023402400A6
:107C6000180000001F802040274029401F400000CE
:107C7000004007C039000F0001C0004020403FC055
:107C8000244024401B8000001F80204020402040D2
:107C90003080000020403FC0204020401F80000076
:107CA00020403FC024402E4030C0000020403FC054
:107CB00024402E00300000000F00108020402240A1
:107CC0003380020020403FC0040004003FC0204039
:107CD000204020403FC02040204000000060202085
:107CE00020203FC02000200020403FC024400B0047
:107CF00030C0204020403FC020400040004000C035
:107D00003FC03C0003C03C003FC0000020403FC0DB
:107D10000C4023003FC020001F8020402040204016
:107D20001F80000020403FC02440240018000000B5
:107D30001F802140214020E01FA0000020403FC0C4
:107D40002440260019C0004018C02440244022408E
:107D500031800000300020403FC020403000000053
:107D600020003F80004000403F80200020003E0077
:107D700001C0070038002000380007C03C0007C0E1
:107D800038000000204039C0060039C02040000003
:107D90002000384007C0384020000000304021C09B
:107DA0002640384020C00000000000007FE0402056
:107DB00040200000000070000C0003800040000024
:107DC0000000402040207FE0000000000000200074
:107DD0004000200000000000001000100010001003
:107DE0000010001000000000400000000000000033
:107DF000000002800540054003C0004020003FC055
:107E0000044004400380000000000380044004405C
:107E10000640000000000380044024403FC00040B2
:107E200000000380054005400340000000000440BE
:107E30001FC0244024402000000002E005500550EF
:107E40000650042020403FC00440040003C000400E
:107E50000000044027C00040000000000010001097
:107E6000041027E00000000020403FC00140070050
:107E700004C00440204020403FC0004000400000BB
:107E800007C0040007C0040003C00000044007C08E
:107E90000440040003C0004000000380044004408C
:107EA00003800000041007F0045004400380000029
:107EB000000003800440045007F00010044007C095
:107EC0000240040004000000000006400540054098
:107ED00004C00000000004001F80044000400000B7
:107EE000040007800040044007C000400400070071
:107EF00004C0018006000400060001C0070001C0A4
:107F000006000000044006C0010006C00440000056
:107F10000410071004E00180060004000000044083
:107F200005C00640044000000000000004007BE0A3
:107F300040200000000000000000FFF000000000F2
:107F4000000040207BE004000000000040008000B2
:107F50004000200020004000000000000000000061
:107F600000000000000000000000000000001FCC26
:107F7000000C00000000000000000800300060005D
:107F80000800300060000000022003FC1E200220D8
:107F900003FC1E200220000000000E1811043FFF09
:107FA00010840C78000000000F0010840F3800C00F
:107FB000077818840078000000780F8410C411241A
:107FC0000E9800E4008400080800680070000000BB
:107FD000000000000000000000000000000007E0BA
:107FE0001818200440020000000040022004181865
:107FF00007E00000000000000240024001800FF096
:1080000001800240024000000080008000800FF8E4
:1080100000800080008000000001000D000E0000C4
:1080200000000000000000000000008000800080D0
:1080300000800080008000800000000C000C000028
:1080400000000000000000000000000600180060B2
:108050000180060018002000000007F00808100446
:108060001004080807F000000000080408041FFCC2
:10807000000400040000000000000E0C1014102486
:10808000104411840E0C000000000C1810041104A0
:10809000110412880C700000000000E0032004248A
:1080A00008241FFC0024000000001F981084110405
:1080B0001104108810700000000007F008881104F7
:1080C000110418880070000000001C00100010FC53
:1080D00013001C001000000000000E381144108432
:1080E000108411440E38000000000700088C104472
:1080F0001044088807F00000000000000000030C96
:10810000030C000000000000000000000001010658
:10811000000000000000000000000080014002207C
:10812000041008081004000002200220022002208F
:1081300002200220022000000000100408080410A1
:10814000022001400080000000000E001200100C10
:10815000106C10800F00000003E00C1813E41424CE
:1081600017C4082807D000000004003C03C41C40CA
:10817000074000E4001C000410041FFC110411045B
:1081800011040E880070000003E00C1810041004A5
:10819000100410081C10000010041FFC1004100430
:1081A0001004080807F0000010041FFC110411045B
:1081B00017C410040818000010041FFC110411005B
:1081C00017C010000800000003E00C181004100491
:1081D00010441C780040000010041FFC1084008034
:1081E000008010841FFC10040000100410041FFC09
:1081F0001004100400000000000300011001100131
:108200001FFE10001000000010041FFC110403806A
:108210001464181C1004000010041FFC1004000457
:1082200000040004000C000010041FFC1F0000FCF0
:108230001F001FFC1004000010041FFC0C040300AE
:1082400000E010181FFC100007F0080810041004CC
:108250001004080807F0000010041FFC10841080B0
:10826000108010800F00000007F008181024102460
:10827000101C080A07F2000010041FFC1104110072
:1082800011C011300E0C000400000E1C11041084EB
:10829000108410441C3800001800100010041FFC4B
:1082A000100410001800000010001FF81004000453
:1082B000000410041FF8100010001E0011E0001C44
:1082C000007013801C0010001FC0103C00E01F0055
:1082D00000E0103C1FC000001004180C163401C050
:1082E00001C01634180C100410001C00130400FC0C
:1082F00013041C00100000000804101C10641084FB
:1083000013041C04101800000000000000007FFE91
:108310004002400240020000000030000C000380D8
:108320000060001C00030000000040024002400208
:108330007FFE000000000000000000002000400060
:108340004000400020000000000100010001000189
:108350000001000100010001000040004000200079
:10836000000000000000000000000098012401440B
:108370000144014400FC000410001FFC00880104BB
:1083800001040088007000000000007000880104F3
:10839000010401040088000000000070008801044E
:1083A000010411081FFC0004000000F8014401440E
:1083B0000144014400C800000000010401040FFC56
:1083C0001104110411001800000000D60129012930
:1083D000012901C90106000010041FFC00840100EE
:1083E0000100010400FC000400000104190419FC50
:1083F000000400040000000000000003000101016F
:10840000190119FE0000000010041FFC00240040A8
:1084100001B4010C010400000000100410041FFC52
:108420000004000400000000010401FC010401003C
:1084300001FC0104010000FC010401FC00840100B6
:108440000100010400FC0004000000F80104010424
:108450000104010400F80000010101FF008501048E
:108460000104008800700000000000700088010412
:108470000104010501FF00010104010401FC008465
:108480000104010001800000000000CC012401244F
:10849000012401240198000000000100010007F8F8
:1084A0000104010400000000010001F800040004C0
:1084B0000004010801FC0004010001800170000CAF
:1084C000001001600180010001F0010C003001C0CA
:1084D0000030010C01F0010000000104018C007467
:1084E0000170018C01040000010101810171000E85
:1084F000001801600180010000000184010C0134BA
:1085000001440184010C0000000000000000000094
:1085100001003EFC4002400200000000000000009C
:10852000FFFF0000000000000000400240023EFC8F
:1085300001000000000000000000600080008000DA
:10854000400040002000200000000000000000006B
:10855000000000000000000000000000000000001B
:10856000000000000000000000000000000000000B
:1085700000000000000000000000000F80380FFE27
:10858000380F8038000000000000000000000000EC
:108590000000000000000100000600000C00003890
:1085A00000003100000600000C0000380000300020
:1085B000000000000000000061800067F807F980FB
:1085C0000061800061800061800061800067F807C1
:1085D000F98000618000000000000000000001C080
:1085E000E003E0F00630080418081FFFFE040E0840
:1085F0000787F00381E000000000000001F00006A2
:108600000C00040408060C7001F9C0000E00003BC9
:10861000E000EC18070808040C180003E000000054
:108620000001E00007F003F818041C08041708070D
:10863000E1D003C0E00023B0003C080020080000A7
:1086400010000000000000010000310000320000B6
:108650001C000000000000000000000000000000FE
:10866000000000000000000000000000000000000A
:1086700000000000000000007F0001FFC00780F044
:108680000C00181000042000020000000000002070
:1086900000021000040C00180780F001FFC0007FEA
:1086A00000000000000000000000000000000000CA
:1086B000000000004200006600006600003C000070
:1086C000180003FFC0001800003C000066000066B0
:1086D0000000420000000000080000080000080040
:1086E00000080000080001FFC000080000080000AA
:1086F0000800000800000800000000000001000061
:108700003100003200001C000000000000000000EA
:108710000000000000000000000000000000000059
:108720000800000800000800000800000800000819
:108730000000080000080000080000080000000019
:108740000000000000000000380000380000380081
:108750000000000000000000000000000000000019
:108760000000000000000000000600001C00007077
:10877000000180000E0000380000C0000700001C4F
:108780000000300000000000000000007F8001FFBA
:10879000E0038070060018040008040008060018B2
:1087A00003807001FFE0007F8000000000000000F7
:1087B000000001000801000801000803FFF807FF9E
:1087C000F800000800000800000800000000000099
:1087D00000000001C03802C05804009804011804C9
:1087E0000218040418061C1803F81801E0F8000029
:1087F0000000000000000001C0E003C0F004000819
:1088000004080804080806180803F41801E7F00033
:1088100001E0000000000000000000000300000D67
:108820000000110000610000810803010807FFF843
:108830000FFFF80001080001080000000000000020
:1088400000E007FCD006080806100806100806100D
:1088500008061838060FF00607C0000000000000E8
:10886000000000003F8001FFE0038430020818048C
:108870001008041008041008071810030FF0000770
:10888000C000000000000000000003C0000700005E
:108890000600000600F80607F806180006E00007C4
:1088A000000006000000000000000001E1E003F706
:1088B000F0063410041808041808040C08040C0806
:1088C00006161803F3F001C1E000000000000000EC
:1088D000F80003FC3003063804020804020804020E
:1088E000080404100308F001FFC0007F000000002E
:1088F0000000000000000000000000000000000078
:10890000703800703800703800000000000000006F
:108910000000000000000000000000000000000057
:1089200000000000301A00301C00000000000000B1
:10893000000000000000000000000000000000082F
:10894000000014000022000041000080800100406F
:1089500002002004001008000800000000000000D1
:108960002100002100002100002100002100002141
:108970000000210000210000210000210000000073
:1089800000000000000008000804001002002001A0
:108990000040008080004100002200001400000818
:1089A0000000000000000003C00004C0000400003C
:1089B000080038080F380808380810000C30000785
:1089C000E00003C000000000000000003F8000FF46
:1089D000E0038070020F1006708804C088048308CA
:1089E000047F8802C09003012000FE4000000800C0
:1089F00000180001F8003E0801C20007020007E26B
:108A00000000FE00001FC80001F800003800000848
:108A100004000807FFF807FFF80408080408080422
:108A2000080804080806180803F41801E7F0000114
:108A3000E0000000000000003F8001FFE0038070C4
:108A400002001804000804000804000804001006CE
:108A500000200780C000000004000807FFF807FF9F
:108A6000F8040008040008040008040018020010BC
:108A700003807001FFE0007F800000000400080711
:108A8000FFF807FFF80408080408080408080408A9
:108A900008043E08040008060018010060000000F9
:108AA00004000807FFF807FFF8040808040800049A
:108AB0000800040800043E000600000600000180D3
:108AC00000000000000000003F8001FFE003807014
:108AD0000600180400080402080402080203F00754
:108AE00083F000020000020004000807FFF807FFFF
:108AF000F80408080008000008000008000008004A
:108B000004080807FFF807FFF80400080000000049
:108B1000000004000804000804000807FFF807FF2D
:108B2000F804000804000804000800000000000029
:108B3000000000000006000007000001040001041E
:108B4000000104000307FFFE07FFFC04000004000F
:108B50000004000004000807FFF807FFF8040C08F1
:108B6000001800003E0004C7800503C80600F80492
:108B7000003804001800000804000807FFF807FF89
:108B8000F8040008000008000008000008000008C1
:108B90000000080000180000600000000400080742
:108BA000FFF807800807FC00007FC00003F80007FB
:108BB000C000780007800807FFF807FFF8040008E6
:108BC00004000807FFF807000803C00000E00000E9
:108BD0003800001E000007000001C00400F007FF7D
:108BE000F8040000000000007F8001FFE0038070B7
:108BF00006001804000804000806001803003001ED
:108C0000FFE0007F8000000004000807FFF807FF76
:108C1000F80404080404000404000404000404002C
:108C2000060C0003F80001F0000000000000000046
:108C30007F8001FFE0038070060088040088040044
:108C4000C806003C03003E01FFE6007F84000000F0
:108C500004000807FFF807FFF804080804080004E8
:108C60000C00040F00040BC00610F003F03801E004
:108C70000800000800000001E0F803F030063010A2
:108C8000041808041808040C08040C08020618024A
:108C900007F00781E00000000180000600000400EA
:108CA0000004000004000807FFF807FFF8040008AC
:108CB000040000040000060000018000040000071A
:108CC000FFE007FFF00400180000080000080000A3
:108CD0000800000800000804001007FFE00400007E
:108CE00004000006000007E00007FE00041FE0008B
:108CF00001F80000380001E0043E0007C000060053
:108D00000004000004000007E00007FFC0041FF893
:108D10000007C007F80007FF80043FF80007C00401
:108D2000F80007000004000000000004000806002E
:108D30001807C07805F1C8003E00001F800463E8F2
:108D40000780F80600180400080000000400000670
:108D5000000007800007E008047C08001FF80007F7
:108D6000F800180804E008070000060000040000EE
:108D70000000000100080600380400F80403E804BD
:108D80000F08047C0805F00807C008070018040055
:108D90006000000000000000000000000000000073
:108DA0000000003FFFFE2000022000022000022001
:108DB0000002200002000000000000000000080087
:108DC0000007000000C0000038000006000001C0DD
:108DD00000003000000E0000010000000000000054
:108DE00000002000022000022000022000022000DB
:108DF000023FFFFE00000000000000000000000035
:108E0000000000000000000000080000100000301A
:108E100000002000003000001000000800000000EA
:108E2000000000000000010000010000010000013E
:108E3000000001000001000001000001000001002D
:108E4000000100000100000100000000000000001F
:108E500000200000200000100000100000000000B2
:108E60000000000000000000000000000000000002
:108E700000F00019F8001B18002208002608002442
:108E800008002410003FF8001FF800000800001838
:108E900000000004000007FFF80FFFF000181800A2
:108EA0001008002008002008003018001FF0000FF4
:108EB000C00000000000000007C0001FF0001830D4
:108EC000002008002008002008003C08001C1000BA
:108ED00000600000000000000000000007C0001F4C
:108EE000F0003818002008002008002008041010A6
:108EF00007FFF80FFFF00000100000000000000066
:108F000000000007C0001FF00012300022180022ED
:108F100008002208003208001E10000E2000000089
:108F200000000000200000200800200801FFF803D6
:108F3000FFF806200804200804200807200003008A
:108F40000000000000000000000E000E6E001FF385
:108F50000031B10020B10020B1003191001F130099
:108F60002E1E00200E00300000000004000807FF45
:108F7000F80FFFF800100800200000200000200873
:108F8000003FF8001FF8000008000000000000008B
:108F90000000002008002008002008063FF8063FD7
:108FA000F8000008000008000008000000000000B1
:108FB000000000000000000003000003002001008A
:108FC0002001002003063FFE063FFC0000000000D9
:108FD0000000000000000004000807FFF80FFFF881
:108FE000000188000300002FC00038F8002038007E
:108FF000200800000800000000000000000004003D
:109000000804000804000807FFF80FFFF800000834
:109010000000080000080000000000000020080018
:109020003FF8003FF8001008002000003FF8003F24
:10903000F8001008002000003FF8003FF80000088A
:10904000000000002008003FF8003FF80010080072
:109050001000002000002008003FF8001FF800006A
:10906000080000000000000007C0000FF0001830EA
:1090700000300800200800200800300800183000E8
:109080000FF00007C0000000000000002001003FBA
:10909000FF003FFF001011002009002008002008F9
:1090A000003038001FF0000FC0000000000000007A
:1090B00007C0001FF000381800200800200800201A
:1090C00009001011001FFF003FFF00000100000019
:1090D000002008002008002008003FF8003FF800AA
:1090E00008080010080020080020000030000030B0
:1090F00000000000000000000000000C78001E18B6
:10910000003308002308002108002188002198006E
:1091100030F0003860000000000000002000002057
:109120000000200000FFF003FFF8002008002008E6
:1091300000200800003000000000000000000000D7
:109140002000003FF0007FF8000018000008000039
:1091500008002010003FF8007FF000001000000021
:10916000000000002000003000003C00003F8000B4
:1091700023F0000078000070002380003C000030E5
:1091800000002000002000003C00003FE00023F829
:109190000000E0002700003E00003FE00021F80052
:1091A00001E0003E00002000000000002008002038
:1091B00008003838003E680027800003C8002CF8FB
:1091C00000383800201800200800000000000000CF
:1091D0002000003003003C01003F830023EC00002E
:1091E00070002380003C00002000002000000000F0
:1091F0000000000000000038080020380020F800BF
:1092000023E8002F88003E080038080020180000DE
:1092100070000000000000000000000000000000DE
:109220000000000008000014001FF7FC30000620BA
:10923000000200000000000000000000000000002C
:1092400000000000000000000000FFFFFF00000021
:10925000000000000000000000000000000000000E
:1092600000002000023000061FF7FC001400000878
:1092700000000000000000000000000000000000EE
:1092800000000018000060000040000040000020C6
:1092900000001000000800000400000400000C00A2
:1092A00000100000000000000000000000000000AE
:1092B00000000000000000000000000000000000AE
:1092C000000000000000000000000000000000009E
:1092D000000000000000000000000000000000008E
:1092E000000000000000000000000000000000007E
:1092F00000000000000000000000000007F000C0B7
:1093000007FFE1E007F001E0000000C000000000FE
:10931000000000000000000000000000000000004D
:10932000000000000000000000000000002000001D
:1093300001C00000078000001F0000001E000000A8
:109340001C20000001C00000078000001F0000007A
:109350001E0000001C0000000000000000000000D3
:10936000000000000000000000180C0000180C00B5
:1093700000180FE0001FFC0003F80C0000180C00A0
:1093800000180C0000180C0000180C0000180FE06A
:10939000001FFC0003F80C0000180C0000180C0063
:1093A0000000000000000000000000000000078036
:1093B000007807C000FC0640010E002003070020D3
:1093C000020380200FFFFFFC0201C0200200E060CA
:1093D0000130704001F03F8000F01F0000000000ED
:1093E0000000000000FE000001FF000003018000FB
:1093F00002008060030181C001FF070000FE180029
:109400000000E0000003BF00000CFFC0007180609E
:1094100001C10020030180600000FFC000003F0088
:109420000000000000001F0000007FC000FCC0C062
:1094300001FF80600303E0200202782002061E2064
:1094400003FC074001F00380000103C000011C6021
:109450000001E02000010020000100400000018028
:109460000000000000000000002000001C60000060
:109470001C4000001F8000000F00000000000000E2
:1094800000000000000000000000000000000000DC
:1094900000000000000000000000000000000000CC
:1094A00000000000000000000000000000000000BC
:1094B00000000000000000000000000000000000AC
:1094C0000007F800003FFF00007807C001C000E07F
:1094D000030000300400000808000004100000022F
:1094E000000000000000000010000002080000045E
:1094F000040000080300003001C000E0007807C04D
:10950000003FFF000007F80000000000000000001E
:10951000000000000000000000000000000000004B
:10952000000000000000000000000000000C180017
:10953000000E3800000E3800000630000003600006
:109540000061438000FFFF80006143000003600072
:1095500000063000000E3800000E3800000C180025
:10956000000000000000000000000000000080007B
:1095700000008000000080000000800000008000EB
:1095800000008000007FFF000000800000008000DD
:1095900000008000000080000000800000008000CB
:1095A000000000000000000000000001000000E3D7
:1095B000000000E2000000FC000000780000000055
:1095C000000000000000000000000000000000009B
:1095D000000000000000000000000000000000008B
:1095E000000000000000000000008000000080007B
:1095F000000080000000800000008000000080006B
:10960000000080000000800000008000000080005A
:10961000000080000000800000008000000080004A
:10962000000000000000000000000000000000C07A
:10963000000001E0000001E0000000C000000000A8
:10964000000000000000000000000000000000001A
:10965000000000000000000000000000000000000A
:1096600000000000000000000000000C00000038B6
:10967000000000E00000038000000E000000380041
:109680000000E00000038000000E00000038000031
:1096900000E00000038000000E0000001800000041
:1096A000000000000000000000000000000FF800B3
:1096B000007FFF0000F00780018000C00300006011
:1096C00002000020020000200200002003000060D1
:1096D000018000C000E00380007FFF00000FF80061
:1096E000000000000000000000000000000000007A
:1096F00000800020008000200080002000800060AA
:1097000001FFFFE003FFFFE0000000600000002019
:109710000000002000000020000000000000000009
:10972000000000000000000000000000007800E0E1
:1097300000980160010002600200046002000860FD
:1097400002001060020020600200406003008060A0
:109750000183006001FE00E0007C07800000000043
:1097600000000000000000000000000000F0078082
:1097700001F007C0010000400200002002010020AB
:1097800002010020020100200303802001868040A6
:1097900001FCC0C000787F8000001E0000000000B7
:1097A0000000000000000000000008000000380079
:1097B000000048000001880000060800000C0810A6
:1097C000003008100040081001FFFFF003FFFFF019
:1097D00003FFFFF000000810000008100000081050
:1097E00000000000000000000000000000000780F2
:1097F000001F864003E10020030200200304002034
:10980000030400200304002003040020030600409A
:10981000030301C00301FF8003007E00000000007D
:109820000000000000000000000000000007FC0035
:10983000003FFF000070C380008180C00101006014
:109840000302002002020020020200200202002087
:109850000203004001C180C000C0FF8000007E0004
:1098600000000000000000000000000000F0000008
:1098700003C000000380000003000000030007E0B5
:1098800003003FE00301C0000306000003180000CE
:1098900003600000038000000300000000000000DF
:1098A000000000000000000000001F0000783F8062
:1098B00000FC60C0018EC04003078020020300202E
:1098C00002018020020180200201C0200301E0404B
:1098D000018670C000FC3F8000781F00000000007F
:1098E0000000000000000000003F000000FF81C0F9
:1098F00001C0C1C001006020020020200200202021
:109900000200202002002060020040C00100C1804F
:1099100000C18F00007FFE00001FF000000000006B
:109920000000000000000000000000000000000037
:10993000000000000000000000000000000300C064
:10994000000781E0000781E0000300C00000000084
:109950000000000000000000000000000000000007
:1099600000000000000000000000000000000000F7
:10997000000000000000000000000000000600667B
:109980000006007800000000000000000000000059
:1099900000000000000000000000000000000000C7
:1099A0000000000000000000000000000000800037
:1099B0000001C0000003600000063000000C180029
:1099C00000180C00003006000060030000C0018099
:1099D0000100004002000020040000100000000010
:1099E000000000000000000000041000000410004F
:1099F0000004100000041000000410000004100017
:109A00000004100000041000000410000004100006
:109A100000041000000410000004100000041000F6
:109A20000000000000000000000000000400001022
:109A3000020000200100004000C00180006003001F
:109A40000030060000180C00000C18000006300062
:109A5000000360000001C000000080000000000062
:109A6000000000000000000000000000007800007E
:109A700001F800000238000002000000040000C0ED
:109A8000040079E0040081E0040100C00403000048
:109A9000020200000306000001FC000000F80000C4
:109AA0000000000000000000000FF800003FFE0072
:109AB0000070078000C000C00101F8400307FC20CF
:109AC000021E04200230082002203020023FFC2029
:109AD000013F044001800CC000E03180001FC20043
:109AE000000000000000002000000060000003E013
:109AF00000003E200003E020003E200003E02000A4
:109B00000380200007FC2000003FE0000003FE204F
:109B100000003FE0000001E0000000200000002005
:109B200000000000000000000200002002000020F1
:109B300003FFFFE003FFFFE002010020020100201D
:109B40000201002002010020020100200303002086
:109B50000186806001FCC0C000F87F8000001F000B
:109B600000000000000000000007F800003FFF00B8
:109B70000070078000C000C001000040030000200A
:109B8000020000200200002002000020020000204D
:109B900001000040018000C003C0018000300600C9
:109BA0000000000000000000020000200200002071
:109BB00003FFFFE003FFFFE002000020020000209F
:109BC00002000020020000200300006001000040AD
:109BD000018000C000F00780007FFE00000FF80049
:109BE0000000000000000000020000200200002031
:109BF00003FFFFE003FFFFE002010020020100205D
:109C00000201002002010020020100200203802046
:109C1000020FE0200300006003C000E000600300CA
:109C200000000000000000000200002002000020F0
:109C300003FFFFE003FFFFE002010020020100201C
:109C40000201000002010000020100000201000008
:109C500002038000030FE0000300000003C00000C7
:109C600000600000000000000007F800003FFE0058
:109C70000070078001C001C0010000400300002007
:109C8000020000200200002002000020010020202D
:109C90000100204003C03F8000303F8000002000D2
:109CA00000002000020000200200002003FFFFE06F
:109CB00003FFFFE0020080200200802000008000FF
:109CC0000000800000008000020080200200802050
:109CD00003FFFFE003FFFFE002000020020000207E
:109CE0000000000000000000000000000000000074
:109CF00002000020020000200200002002000020DC
:109D000003FFFFE003FFFFE002000020020000204D
:109D100002000020020000200000000000000000FF
:109D200000000000000000000000000E0000000F16
:109D30000000000F0000000102000001020000010D
:109D4000020000030200000603FFFFFC03FFFFF810
:109D500002000000020000000200000002000000FB
:109D600000000000000000000200002002000020AF
:109D700003FFFFE003FFFFE00200C020020100201C
:109D800000078000000FE0000030F80002603E2075
:109D900003800F20030003E0020000E00200002027
:109DA000000000200000000002000020020000204F
:109DB00003FFFFE003FFFFE002000020020000209D
:109DC0000000002000000020000000200000002013
:109DD0000000002000000060000000E00000030020
:109DE00000000000020000200200002003FFFFE04E
:109DF00003E0002003FF0020001FF0000001FF80AF
:109E000000000FE000001E000003E000003E002004
:109E100003E0002003FFFFE003FFFFE0020000205B
:109E200002000020020000200200002003FFFFE0EB
:109E30000380002003F0002000FC0000001F000051
:109E40000007C0000001F00000007C0002001F803D
:109E5000020007E003FFFFE0020000000200000034
:109E60000000000000000000000FF800003FFE00AE
:109E700000F00780018000C00100004002000020C7
:109E8000020000200200002002000020010000402B
:109E9000018000C000F00380003FFE00000FF800CA
:109EA000000000000000000002000020020000206E
:109EB00003FFFFE003FFFFE002008020020080209C
:109EC000020080000200800002008000020080008A
:109ED000030180000183000000FE0000007C000000
:109EE0000000000000000000000FF800007FFF00ED
:109EF00000F00380018001C0010006400200042040
:109F00000200042002000620020003E0010000F825
:109F10000180005C00E0038C003FFF0C000FFC1888
:109F200000000000000000000200002002000020ED
:109F300003FFFFE003FFFFE0020100200201002019
:109F4000020180000201E0000201FC0003033F80E7
:109F5000018607E001FC00E000F80020000000207E
:109F60000000000000000000000000000078060073
:109F700000FE01E0018600C0030300400203002050
:109F800002018020020180200201C0200200C020C6
:109F90000100E060018070C003E03F8000001F000E
:109FA00000000000000000000060000003800000CE
:109FB0000300000002000000020000200200002058
:109FC00003FFFFE003FFFFE002000020020000208B
:109FD00002000000020000000380000000E000001A
:109FE00000000000020000000200000003FFFF006C
:109FF00003FFFFC0020000400200006000000020DC
:10A0000000000020000000200000002002000040AE
:10A010000200008003FFFF000200000002000000B9
:10A02000000000000000000002000000020000002C
:10A0300003C0000003FC0000023FC0000003F80062
:10A0400000007F80000007E000000780000078002B
:10A050000203C000023C000003C000000200000038
:10A06000020000000200000003C0000003FF8000A7
:10A07000023FFE0002007FE000000F000200F0003F
:10A0800003EF000003FF8000020FFE0000003FE02E
:10A0900000001F000207E00003F8000003000000BA
:10A0A000020000000000000002000020020000206A
:10A0B000038000E003F0032002FC0C20021F3000AC
:10A0C0000007C0000007F00002187C0002601F209B
:10A0D000038003E0020000E00200002000000020F6
:10A0E000000000000000000002000000030000006B
:10A0F00003C0000003F80000023E0020020FC02051
:10A100000001FFE000007FE000038020021C00202F
:10A110000270000003800000020000000200000046
:10A12000000000000000000000000020006000E0CF
:10A13000038003E003000FA002003E200200F8208D
:10A140000203E020020F8020023E0020027800205F
:10A1500003E00060038000E0020003000000000054
:10A1600000000000000000000000000000000000EF
:10A170000000000000000000000000001FFFFFFCC6
:10A18000100000041000000410000004100000047F
:10A190001000000410000004100000040000000083
:10A1A00000000000000000000000000000000000AF
:10A1B0000700000003C0000000780000001E00003F
:10A1C0000003C0000000F00000001E000000078037
:10A1D000000000F00000003C00000006000000004D
:10A1E000000000000000000000000000100000045B
:10A1F000100000041000000410000004100000040F
:10A2000010000004100000041FFFFFFC000000000D
:10A21000000000000000000000000000000000003E
:10A22000000000000000000000000000000000002E
:10A230000000000002000000040000000800000010
:10A2400018000000100000001800000018000000B6
:10A2500004000000020000000000000000000000F8
:10A2600000000000000000010000000100000001EB
:10A2700000000001000000010000000100000001DA
:10A2800000000001000000010000000100000001CA
:10A2900000000001000000010000000100000001BA
:10A2A00000000001000000000000000000000000AD
:10A2B0001000000010000000100000001800000056
:10A2C0000800000004000000000000000000000082
:10A2D000000000000000000000000000000000007E
:10A2E00000000000000000000000038000018FC09B
:10A2F00000038C60000618200004102000041020C9
:10A300000004202000042040000620400003FFC07D
:10A310000001FFE00000002000000020000000C05D
:10A320000000000000000000020000000200000029
:10A3300003FFFFE007FFFFC0000180C000020060D4
:10A34000000200200004002000040020000400207F
:10A3500000060040000300C00001FF800000FE0076
:10A3600000000000000000000000000000007E006F
:10A370000001FF80000381C00002004000060020B1
:10A38000000400200004002000040020000600203B
:10A390000003C0400001C080000003000000000076
:10A3A00000000000000000000000000000007E002F
:10A3B0000001FF80000380C0000600600004002050
:10A3C000000400200004002002040040020200807B
:10A3D00003FFFFE007FFFFC0000000400000004057
:10A3E00000000000000000000000000000007E00EF
:10A3F0000001FF80000311C0000210400004106043
:10A40000000410200004102000041020000610207A
:10A41000000310400001F0C00000710000000000C7
:10A420000000000000000000000000000004000028
:10A43000000400200004002000040020007FFFE052
:10A4400001FFFFE0010400200304002002040020BB
:10A4500002040020020400000200000001C000000D
:10A4600001C0000000000000000000000000001C0F
:10A470000000E33E0003FFC200020CC3000404C15D
:10A48000000404C1000404C1000404C100060CC19E
:10A490000003F8C30005F0620006007E0006003CE1
:10A4A0000000000000000000020000200200002068
:10A4B00003FFFFE007FFFFE0000100200002002093
:10A4C000000600000004000000040000000400205A
:10A4D000000600200003FFE00001FFE00000002074
:10A4E000000000200000000000000000000000004C
:10A4F00000040020000400200004002000040020CC
:10A500000387FFE0038FFFE00380002000000020AE
:10A5100000000020000000200000000000000000FB
:10A52000000000000000000000000000000000002B
:10A53000000000060000000700000001000000010C
:10A5400000040001000400010004000300040006F0
:10A550000387FFFC038FFFF803800000000000006A
:10A5600000000000000000000200002002000020A7
:10A5700003FFFFE007FFFFE00000082000001020BD
:10A58000000030000000FC0000058E00000707A05E
:10A59000000601E0000400E00004002000000020AC
:10A5A00000000000000000000000000000000000AB
:10A5B0000200002002000020020000200200002013
:10A5C00003FFFFE007FFFFE0000000200000002085
:10A5D000000000200000002000000000000000003B
:10A5E0000000000000000000000400200007FFE061
:10A5F000000FFFE000020020000400000004002023
:10A600000007FFE00003FFE000020020000400005C
:10A61000000400200007FFE00003FFE0000000202E
:10A6200000000000000000000004002000040020E2
:10A630000007FFE0000FFFE0000100200002002003
:10A6400000020000000400000004000000040020DC
:10A65000000600200003FFE00001FFE000000020F2
:10A6600000000020000000000000000000007E004C
:10A670000000FF80000381C00002004000060020AF
:10A680000004002000040020000400200006002038
:10A6900000020040000381C00001FF8000007E0036
:10A6A00000000000000000000004000100040001A0
:10A6B0000007FFFF000FFFFF000100C10002004183
:10A6C00000040020000400200004002000040020FA
:10A6D00000060040000301C00001FF8000007E0072
:10A6E00000000000000000000000000000007E00EC
:10A6F0000001FF80000380C0000200600004002011
:10A70000000400200004002000040020000200419A
:10A71000000300C10003FFFF0007FFFF000000016E
:10A7200000000001000000000004002000040020E0
:10A730000004002000040020000FFFE0000FFFE0F5
:10A740000000C020000100200002002000060020C0
:10A7500000040000000400000007000000030000E7
:10A76000000000000000000000000000000003E006
:10A770000001C0E00003E04000063020000430206B
:10A7800000041820000418200004182000040C20E5
:10A7900000020C60000307C0000783800000000077
:10A7A00000000000000000000000000000040000A5
:10A7B0000004000000040000000C0000001FFF80E7
:10A7C00000FFFFC00004006000040020000400201F
:10A7D0000004002000040040000001800000000090
:10A7E0000000000000000000000400000004000061
:10A7F0000007FF80000FFFC0000000600000002085
:10A8000000000020000000200000002000040040A4
:10A81000000400800007FFE0000FFFC000000040C0
:10A8200000000040000000000004000000040000E0
:10A83000000780000007F0000004FE0000041FC0B5
:10A84000000003E00000038000001C000004600022
:10A850000007800000060000000400000000000067
:10A860000000000000040000000600000007C00017
:10A870000007FC0000043F80000003E000040F809C
:10A880000006F0000007F0000007FF8000040FE062
:10A890000000038000043C000007C0000006000028
:10A8A0000004000000000000000000200004002060
:10A8B00000040060000700E0000783200007E600B6
:10A8C0000004F80000003C0000045E20000587A0A2
:10A8D000000601E0000400600004002000000020E9
:10A8E000000000000000000000040000000400035D
:10A8F000000700030007E0010004F80100041F0244
:10A90000000007FC000000E0000007000004380021
:10A910000007C00000060000000400000004000062
:10A920000000000000000000000000000007806040
:10A93000000600E0000403E0000407A000040E206D
:10A9400000043C20000470200005E0200007802067
:10A9500000070060000400E0000003800000000029
:10A9600000000000000000000000000000000000E7
:10A9700000000000000000000000000000000000D7
:10A9800000008000000080000001400007FE3FF84A
:10A990000800000410000002100000020000000087
:10A9A00000000000000000000000000000000000A7
:10A9B0000000000000000000000000000000000097
:10A9C00000000000FFFFFFFF00000000000000008B
:10A9D0000000000000000000000000000000000077
:10A9E0000000000000000000000000001000000255
:10A9F000100000020800000407FE3FF800014000BC
:10AA00000000800000008000000000000000000046
:10AA10000000000000000000000000000000000036
:10AA200000000000000000001800000030000000DE
:10AA30004000000040000000400000002000000036
:10AA400030000000080000000400000002000000C8
:10AA500002000000020000000C00000018000000CE
:10AA600000000000001C0000000F0700000F0000A5
:10AA7000C003000080070000C00300004000000089
:10AA800040000000400000004000000040000000C6
:10AA9000400000000000070000C0C30100C0030028
:10AAA00000F0000000E0010000F0000001030507D5
:10AAB000090E10121416181C1E81FE0000407E8024
:10AAC000FE00002B2E2C3B3D5B5D2F2A3A3C3E7C4A
:10AAD0005C223F7F000001000400100040000001E4
:10AAE0000002000001000200040008001000200025
:10AAF000000000000700000000000000000000004F
:10AB000000000000BCB601080000000000000000CA
:10AB10000000000000000000000000000000000035
:10AB200094B60108000000000000000000000000D2
:10AB3000000000000000000000000000C4B6010892
:10AB4000C8B601080000000000000000000000007E
:10AB50000000000000000000CCB6010898B6010813
:10AB6000B4B6010800000000000000000000000072
:10AB700000000000D0B6010880B60108ACB601089C
:10AB80008CB6010888B6010884B601089CB6010895
:10AB9000C0B60108B0B60108A4B60108A0B6010805
:10ABA000000000000000000000000000B8B601082E
:10ABB0000000000000000000000000000000000095
:10ABC000000000000000000061001A03E00017030D
:10ABD000F8000703FF000100780100013001320195
:10ABE0000601390110014A012E0179010601800197
:10ABF0004D004302810182018201840184018601AA
:10AC00008701870189018A018B018B018D018E01EA
:10AC10008F0190019101910193019401F601960138
:10AC20009701980198013D029B019C019D01200222
:10AC30009F01A001A001A201A201A401A401A601FB
:10AC4000A701A701A901AA01AB01AC01AC01AE01AA
:10AC5000AF01AF01B101B201B301B301B501B5015B
:10AC6000B701B801B801BA01BB01BC01BC01BE010A
:10AC7000F701C001C101C201C301C401C501C40182
:10AC8000C701C801C701CA01CB01CA01CD0110012A
:10AC9000DD0101008E01DE011201F3010300F1016B
:10ACA000F401F401F8012801220212013A0209001C
:10ACB000652C3B023B023D02662C3F0240024102F2
:10ACC000410246020A0153024000810186015502F9
:10ACD00089018A0158028F015A0290015C025D02CB
:10ACE0005E025F02930161026202940164026502E6
:10ACF00066026702970196016A02622C6C026D027D
:10AD00006E029C01700271029D01730274029F0128
:10AD100076027702780279027A027B027C02642C46
:10AD20007E027F02A60181028202A90184028502BD
:10AD300086028702AE014402B101B20145028D02D2
:10AD40008E028F0290029102B7017B030300FD0384
:10AD5000FE03FF03AC0304008603880389038A0310
:10AD6000B1031103C2030200A303A303C403080336
:10AD7000CC0303008C038E038F03D8031801F20366
:10AD80000A00F903F303F403F503F603F703F703EB
:10AD9000F903FA03FA033004200350041007600497
:10ADA00022018A043601C1040E01CF040100C0044F
:10ADB000D00444016105260400007D1D0100632CC0
:10ADC000001E9601A01E5A01001F0806101F06064D
:10ADD000201F0806301F0806401F0606511F0700E7
:10ADE000591F521F5B1F541F5D1F561F5F1F601F9F
:10ADF0000806701F0E00BA1FBB1FC81FC91FCA1F3D
:10AE0000CB1FDA1FDB1FF81FF91FEA1FEB1FFA1F0A
:10AE1000FB1F801F0806901F0806A01F0806B01F12
:10AE20000400B81FB91FB21FBC1FCC1F0100C31FF5
:10AE3000D01F0206E01F0206E51F0100EC1FF31FF2
:10AE40000100FC1F4E2101003221702110028421DB
:10AE500001008321D0241A05302C2F04602C02011C
:10AE6000672C0601752C0201802C6401002D260838
:10AE700041FF1A03000000000100030007000F005B
:10AE80001F003F007F00FF00FF01FF03FF07FF0FD0
:10AE9000FF1FFF3FFF7F08080402000402010001BA
:10AEA00008100902030A11182019120B04050C13CB
:10AEB0001A21283029221B140D06070E151C232ADF
:10AEC000313839322B241D160F171E252C333A3BEF
:10AED000342D261F272E353C3D362F373E3F002090
:10AEE000622CCF29A025002024195111D408622CEE
:10AEF000903DFE393134622CDF2205183E0CCF29FB
:10AF0000FE39A0362931CF29D920A016890BA025DA
:10AF1000313429313E2CA025901D5D14610A00209A
:10AF2000622CCF29A025002024195111D4082419FE
:10AF3000DF22D920901D2419C1139B0DEF0651115A
:10AF40000518A0165D1451119B0D5F09C704D408A4
:10AF50003E0C890B610AD408EF06C7046F0200019A
:10AF600002030405060708090A0B0C0D0E0F101149
:10AF700012131415161718191A1B1C1D1E1F202139
:10AF800022232425262728292A2B2C2D2E2F303129
:10AF900032333435363738393A3B3C3D3E3F404119
:10AFA00042434445464748494A4B4C4D4E4F505109
:10AFB00052535455565758595A5B5C5D5E5F6061F9
:10AFC00062636465666768696A6B6C6D6E6F7071E9
:10AFD00072737475767778797A7B7C7D7E7F8081D9
:10AFE00082838485868788898A8B8C8D8E8F9091C9
:10AFF00092939495969798999A9B9C9D9E9FA0A1B9
:10B00000A2A3A4A5A6A7A8A9AAABACADAEAFB0B1A8
:10B01000B2B3B4B5B6B7B8B9BABBBCBDBEBFC0C198
:10B02000C2C3C4C5C6C7C8C9CACBCCCDCECFD0D188
:10B03000D2D3D4D5D6D7D8D9DADBDCDDDEDFE0E178
:10B04000E2E3E4E5E6E7E8E9EAEBECEDEEEFF0F168
:10B05000F2F3F4F5F6F7F8F9FAFBFCFDFEFFFFFF5B
:10B06000FFFFFFFFFFFFFFFFFFFFFFFFFFFFFFFFF0
:10B07000FFFFFFFFFFFFFFFFFFFFFFFFFFFFFFFFE0
:10B08000FFFFFFFFFFFFFFFFFFFFFFFFFFFFFFFFD0
:10B09000FFFFFFFFFFFFFFFFFFFFFFFFFFFFFFFFC0
:10B0A000FFFFFFFFFFFFFFFFFFFFFFFFFFFFFFFFB0
:10B0B000FFFFFFFFFFFFFFFFFFFFFFFFFFFFFFFFA0
:10B0C000FFFFFFFFFFFFFFFFFFFFFFFFFFFFFFFF90
:10B0D000FFFFFFFFFFFFFFFFFFFFFFFFFFFFFFFF80
:10B0E000FFFFFFFFFFFFFFFFFFFFFFFFFFFFFFFF70
:10B0F000FFFFFFFFFFFFFFFFFFFFFFFFFFFFFFFF60
:10B10000FFFFFFFFFFFFFFFFFFFFFFFFFFFFFFFF4F
:10B11000FFFFFFFFFFFFFFFFFFFFFFFFFFFFFFFF3F
:10B12000FFFFFFFFFFFFFFFFFFFFFFFFFFFFFFFF2F
:10B13000FFFFFFFFFFFFFFFFFFFFFFFFFFFFFFFF1F
:10B14000FFFFFFFFFFFFFFFFFFFFFFFFFFFFFFFF0F
:10B15000FFFFFFFFFFFFFFFFFFFFFFFFFFFF0000FD
:10B1600000000000000000000000000000000000DF
:10B1700000000000000000000000000000000000CF
:10B1800000000000000000000000000000000000BF
:10B1900000000000000000000000000000000000AF
:10B1A000000000000000000000000000000000009F
:10B1B000000000000000000000000000000000008F
:10B1C000000000000000000000000000000000007F
:10B1D000000000000000000000000000000000006F
:10B1E000000000000000000000000000000000005F
:10B1F000000000000000000000000000000000004F
:10B20000000000000000000000000000000000003E
:10B21000000000000000000000000000000000002E
:10B22000000000000000000000000000000000001E
:10B23000000000000000000000000000000000000E
:10B2400000000000000000000000000000000000FE
:10B2500000000000000000000000000000000000EE
:10B2600000000000000000000000000000000000DE
:10B2700000000000000000000000000000000000CE
:10B2800000000000000000000000000000000000BE
:10B2900000000000000000000000000000000000AE
:10B2A000000000000000000000000000000000009E
:10B2B000000000000000000000000000000000008E
:10B2C000000000000000000000000000000000007E
:10B2D000000000000000000000000000000000006E
:10B2E000000000000000000000000000000000005E
:10B2F000000000000000000000000000000000004E
:10B30000000000000000000000000000000000003D
:10B31000000000000000000000000000000000002D
:10B32000000000000000000000000000000000001D
:10B33000000000000000000000000000000000000D
:10B3400000000000000000000000000000000000FD
:10B35000000000000000000000000000000030318C
:10B36000323334353637383941424344454640302C
:10B3700058003031323334353637383961626364DE
:10B3800065664030780004000008000000000000FE
:10B3900000020001000010006172726F67616E634D
:10B3A000652E676966000000656E636F7572616780
:10B3B000652E676966000000737572707269736547
:10B3C0002E67696600000000736C656570676966CA
:10B3D0002E67696600000000746F756368696E67A8
:10B3E0002E676966000000006C61756768696E67AA
:10B3F0002E676966000000007261696E696E672ED3
:10B40000676966006D75736963616C2E67696600B4
:10B410006E6F726D616C2E67696600007370726981
:10B420006E67666573746976616C2E676966000085
:10B4300073756E2E67696600666561722E67696650
:10B4400000000000616E6765722E6769660000008B
:10B450006572726F722E6769660000007361646EB8
:10B460006573732E6769660068656C706C657373CD
:10B470006E6573732E67696600000000666F637502
:10B48000732E676966000000776169742E676966CC
:10B490000000000068617070792E67696600000026
:10B4A0006E6175676874792E676966006375726985
:10B4B0006F736974792E6769660000003F000000B1
:10B4C000646563006964000072756E74696D65007F
:10B4D00068656C70000000006C6973740000000007
:10B4E0006865780075696E74385F7420626D705F8E
:10B4F000656E636F64652875696E74385F74202AA1
:10B5000066696C656E616D652C2075696E74313687
:10B510005F7420782C2075696E7431365F742079E1
:10B520002C2075696E7431365F7420776964746895
:10B530002C2075696E7431365F74206865696768A0
:10B54000742C2075696E74385F74206D6F64652982
:10B550000000000075696E74385F74206D665F735B
:10B5600063616E5F66696C65732875696E74385FB8
:10B5700074202A207061746829000000766F696465
:10B580002077726974655F616464722875696E748E
:10B5900033325F7420616464722C2075696E743379
:10B5A000325F742076616C290000000075696E744A
:10B5B00033325F7420726561645F61646472287500
:10B5C000696E7433325F7420616464722900000014
:10B5D000766F69642064656C61795F6D7328756945
:10B5E0006E7431365F74206E6D732900766F6964F6
:10B5F0002064656C61795F75732875696E74333288
:10B600005F74206E7573290075696E74385F7420DD
:10B610007069636C69625F61695F6C6F61645F70C0
:10B62000696366696C652863686172202A66696C63
:10B63000656E616D652C2075696E7431365F74209E
:10B64000782C2075696E7431365F7420792C2075E2
:10B65000696E7431365F742077696474682C207564
:10B66000696E7431365F74206865696768742C2070
:10B6700075696E74385F7420666173742900000008
:10B680004D503300574D410041414300464C41432A
:10B69000000000004C524300430000004D494400AC
:10B6A000474946004A504547000000004F474700C1
:10B6B0004A504700480000004156490042494E00A8
:10B6C000424D50004E455300534D530054585400C2
:10B6D00057415600F4B6010800000024E8010000BC
:10B6E000D402000898B70108E8010024309207004E
:10B6F00030030008513C90D0030401133210420182
:10B7000022F8A3FFFF1AFF01031218681EBCB40140
:10B7100008D0041AD8041AC4041AE0041AC0041A7F
:10B72000C804180EF5580108ACB501088179010864
:10B730007C0813919C1B08D0081AA5082AEC181D38
:10B740003901085408100BED52010808B60108F938
:10B750008F1B08E438226C1C24256F201809670110
:10B760000831680108650C5A079701D81E1140017D
:10B7700008E504111219122434401FC03230323847
:10B7800052202419072413E3C114C003301AF018FF
:08B790001CE001200801190072
:040000050800029954
:00000001FF
